Ward,Searches,"Searches which got estimate","Searches for Quotes","Searches which got Quotes",Bookings,"Completed Trips","Search-to-estimate Rate","Rider Fare Acceptance Rate","Driver Quote Acceptance Rate","Quote-to-Booking Rate",Cancelled Bookings,"Booking Cancellation Rate","Driver Cancellation Rate","User Cancellation Rate","Conversion Rate","Driver's Earnings","Average Distance per Trip (km)","Average Fare per Trip","Distance Travelled (km)"
Other Wards,"1,33,21,104","1,24,50,998","84,24,655","43,46,977","42,98,457","26,98,430",93.5%,67.7%,51.6%,98.9%,"15,99,378",37.2%,20.9%,16.2%,20.3%,"₹63,66,87,126",12.92,₹235.95,"3,48,65,339"
Shantala Nagar,"91,66,472","88,35,131","78,60,258","31,71,701","31,34,687","18,09,685",96.4%,89.0%,40.4%,98.8%,"13,24,423",42.3%,25.2%,16.9%,19.7%,"₹27,74,40,298",7.71,₹153.31,"1,39,50,904"
Doddakanahalli,"63,90,886","61,59,774","53,27,466","21,72,867","21,51,225","12,82,160",96.4%,86.5%,40.8%,99.0%,"8,68,646",40.4%,24.5%,15.7%,20.1%,"₹22,81,95,737",9.46,₹177.98,"1,21,24,625"
Koramangala,"40,87,055","39,63,127","34,41,498","18,14,445","17,88,967","11,75,624",97.0%,86.8%,52.7%,98.6%,"6,12,975",34.3%,18.9%,15.2%,28.8%,"₹16,25,74,064",7.04,₹138.29,"82,75,384"
Agara,"39,70,160","38,33,952","32,85,044","17,68,187","17,44,502","11,70,935",96.6%,85.7%,53.8%,98.7%,"5,73,291",32.9%,18.0%,14.7%,29.5%,"₹16,44,03,114",7.27,₹140.40,"85,10,243"
Adugodi,"40,51,943","39,22,611","33,77,119","17,49,716","17,21,864","10,59,328",96.8%,86.1%,51.8%,98.4%,"6,62,039",38.4%,21.9%,16.4%,26.1%,"₹15,36,90,637",7.32,₹145.08,"77,59,271"
Vasanth Nagar,"38,60,631","37,57,961","31,78,312","16,25,006","16,06,009","10,30,663",97.3%,84.6%,51.1%,98.8%,"5,75,068",35.8%,20.8%,14.9%,26.7%,"₹14,50,29,710",7.38,₹140.71,"76,07,003"
Suddagunte Palya,"43,13,262","41,68,076","36,20,980","17,12,704","16,88,750","9,58,141",96.6%,86.9%,47.3%,98.6%,"7,30,309",43.2%,24.3%,18.8%,22.2%,"₹13,26,03,737",7.22,₹138.40,"69,19,926"
Bellanduru,"47,97,182","45,97,193","40,63,024","15,94,060","15,76,791","9,42,577",95.8%,88.4%,39.2%,98.9%,"6,33,937",40.2%,25.0%,15.1%,19.6%,"₹17,06,32,768",9.73,₹181.03,"91,72,276"
Hoysala Nagar,"28,37,669","27,65,691","23,14,862","13,06,822","12,93,276","8,91,399",97.5%,83.7%,56.5%,99.0%,"4,01,655",31.1%,17.6%,13.3%,31.4%,"₹11,26,51,152",6.30,₹126.38,"56,16,724"
HRBR Layout,"22,52,400","22,17,840","18,16,543","12,49,405","12,37,384","8,85,386",98.5%,81.9%,68.8%,99.0%,"3,51,823",28.4%,16.2%,12.1%,39.3%,"₹11,05,85,029",6.37,₹124.90,"56,41,368"
Old Thippasandra,"24,54,200","23,94,328","20,76,771","12,04,925","11,91,626","8,05,453",97.6%,86.7%,58.0%,98.9%,"3,85,942",32.4%,18.4%,13.8%,32.8%,"₹10,91,09,751",6.77,₹135.46,"54,56,253"
Domlur,"26,80,093","26,02,961","22,73,687","11,98,406","11,84,986","7,98,177",97.1%,87.4%,52.7%,98.9%,"3,86,582",32.6%,18.4%,14.1%,29.8%,"₹11,27,28,566",7.07,₹141.23,"56,40,829"
Jakkuru,"27,17,640","26,62,311","20,88,307","12,43,620","12,28,657","7,86,577",98.0%,78.4%,59.6%,98.8%,"4,41,895",36.0%,22.0%,13.9%,28.9%,"₹13,38,30,243",9.26,₹170.14,"72,87,594"
Byrasandra,"23,17,805","22,71,229","18,15,154","11,21,214","11,08,822","7,62,917",98.0%,79.9%,61.8%,98.9%,"3,45,760",31.2%,17.2%,13.9%,32.9%,"₹9,30,27,016",6.30,₹121.94,"48,06,494"
Whitefield,"35,81,819","34,76,280","29,12,674","12,46,483","12,35,636","7,50,762",97.1%,83.8%,42.8%,99.1%,"4,84,691",39.2%,24.3%,14.8%,21.0%,"₹12,62,53,042",8.37,₹168.17,"62,81,977"
Marathahalli,"43,12,403","41,57,855","35,75,491","13,62,784","13,48,431","7,41,858",96.4%,86.0%,38.1%,98.9%,"6,06,330",45.0%,27.5%,17.3%,17.2%,"₹13,73,36,189",9.77,₹185.12,"72,44,396"
Sampangiram Nagar,"37,11,112","35,98,456","30,54,167","13,91,688","13,77,921","7,37,639",97.0%,84.9%,45.6%,99.0%,"6,40,089",46.5%,28.9%,17.4%,19.9%,"₹11,21,03,849",8.03,₹151.98,"59,21,591"
Gandhinagar,"23,97,263","23,60,067","16,08,129","11,11,887","10,99,282","6,91,779",98.4%,68.1%,69.1%,98.9%,"4,07,363",37.1%,21.1%,15.9%,28.9%,"₹11,06,08,841",8.56,₹159.89,"59,21,636"
Aramane Nagara,"20,80,928","20,43,970","15,90,437","10,40,535","10,25,952","6,76,200",98.2%,77.8%,65.4%,98.6%,"3,49,608",34.1%,19.2%,14.7%,32.5%,"₹9,48,32,315",7.47,₹140.24,"50,48,876"
Horamavu,"22,70,003","22,22,867","17,78,965","9,99,755","9,89,216","6,61,673",97.9%,80.0%,56.2%,98.9%,"3,27,429",33.1%,20.7%,12.3%,29.1%,"₹10,39,09,069",8,₹157.04,"52,95,550"
Hudi,"27,99,945","27,22,382","22,65,746","10,52,046","10,43,373","6,36,382",97.2%,83.2%,46.4%,99.2%,"4,06,810",39.0%,24.9%,14.0%,22.7%,"₹10,86,87,313",9.04,₹170.79,"57,50,256"
Kempapura,"19,27,693","18,92,403","14,60,054","9,38,189","9,26,797","6,15,068",98.2%,77.2%,64.3%,98.8%,"3,11,601",33.6%,20.2%,13.3%,31.9%,"₹9,46,75,017",8.32,₹153.93,"51,19,783"
Jeevanbhima Nagar,"24,31,231","23,53,269","20,66,690","9,93,455","9,81,083","6,04,037",96.8%,87.8%,48.1%,98.8%,"3,76,853",38.4%,23.2%,15.1%,24.8%,"₹9,42,21,894",8.13,₹155.99,"49,13,807"
J P Nagar,"18,76,723","18,40,665","14,76,021","9,32,871","9,21,471","6,04,022",98.1%,80.2%,63.2%,98.8%,"3,17,280",34.4%,19.6%,14.7%,32.2%,"₹7,85,81,404",6.75,₹130.10,"40,75,270"
Munnekollala,"37,36,249","35,87,050","31,30,532","10,96,891","10,85,170","6,03,995",96.0%,87.3%,35.0%,98.9%,"4,81,005",44.3%,27.9%,16.3%,16.2%,"₹11,24,04,934",9.91,₹186.10,"59,87,411"
Vinayakanagar,"19,42,627","18,98,285","15,52,305","9,50,334","9,39,732","6,01,798",97.7%,81.8%,61.2%,98.9%,"3,37,780",35.9%,20.9%,15.0%,31.0%,"₹8,42,21,413",7.31,₹139.95,"43,99,117"
Banasavadi,"17,83,495","17,47,141","14,28,486","8,61,310","8,52,169","5,92,387",98.0%,81.8%,60.3%,98.9%,"2,59,635",30.5%,18.2%,12.2%,33.2%,"₹7,96,00,371",7,₹134.37,"41,48,268"
Belathur,"22,98,989","22,49,254","17,45,018","9,24,663","9,16,970","5,86,296",97.8%,77.6%,53.0%,99.2%,"3,30,531",36.0%,22.3%,13.7%,25.5%,"₹9,54,18,365",8.68,₹162.75,"50,90,680"
Pulikeshinagar,"18,03,653","17,67,092","14,73,312","8,70,244","8,62,760","5,82,854",98.0%,83.4%,59.1%,99.1%,"2,79,769",32.4%,18.7%,13.6%,32.3%,"₹6,91,72,304",5.93,₹118.68,"34,56,774"
Kalkere,"23,23,573","22,65,018","18,74,102","8,74,288","8,67,314","5,80,141",97.5%,82.7%,46.7%,99.2%,"2,87,042",33.1%,21.7%,11.3%,25.0%,"₹9,26,79,025",8.57,₹159.75,"49,72,746"
New Thippasandra,"19,52,956","18,97,448","16,14,296","8,62,152","8,53,452","5,74,914",97.2%,85.1%,53.4%,99.0%,"2,78,397",32.6%,19.1%,13.4%,29.4%,"₹8,29,50,527",7.50,₹144.28,"43,14,578"
Madivala,"23,62,327","22,91,450","19,31,415","9,70,118","9,57,186","5,74,391",97.0%,84.3%,50.2%,98.7%,"3,82,637",40.0%,22.7%,17.2%,24.3%,"₹7,63,77,884",6.87,₹132.97,"39,48,366"
Hennur,"18,29,151","17,96,252","13,93,827","8,67,634","8,58,950","5,61,781",98.2%,77.6%,62.2%,99.0%,"2,97,041",34.6%,20.6%,13.9%,30.7%,"₹7,90,34,284",7.46,₹140.69,"41,90,789"
Ejipura,"20,67,727","20,10,716","17,31,865","9,15,285","9,05,525","5,52,794",97.2%,86.1%,52.8%,98.9%,"3,52,558",38.9%,23.0%,15.8%,26.7%,"₹7,42,28,279",6.87,₹134.28,"37,99,516"
Ulsoor,"23,13,107","22,37,264","19,68,590","9,00,652","8,92,127","5,47,318",96.7%,88.0%,45.8%,99.1%,"3,44,669",38.6%,23.1%,15.4%,23.7%,"₹7,85,52,037",7.37,₹143.52,"40,33,865"
Shakambari Nagar,"15,12,804","14,88,425","11,32,715","7,65,504","7,55,828","5,23,163",98.4%,76.1%,67.6%,98.7%,"2,32,539",30.8%,17.1%,13.6%,34.6%,"₹6,31,83,406",6.24,₹120.77,"32,65,305"
Mahadevapura,"21,41,144","20,74,051","17,21,831","8,17,423","8,10,635","5,09,685",96.9%,83.0%,47.5%,99.2%,"3,00,834",37.1%,23.3%,13.7%,23.8%,"₹7,94,49,504",8.16,₹155.88,"41,59,962"
Dodda Nekkundi,"22,93,313","22,16,922","18,50,163","8,39,254","8,31,191","5,09,073",96.7%,83.5%,45.4%,99.0%,"3,21,989",38.7%,23.7%,14.9%,22.2%,"₹8,67,98,173",9.05,₹170.50,"46,07,582"
AECS Layout,"26,46,616","25,58,970","21,70,545","8,54,828","8,46,994","5,07,543",96.7%,84.8%,39.4%,99.1%,"3,39,311",40.1%,24.6%,15.3%,19.2%,"₹8,52,43,888",8.75,₹167.95,"44,40,657"
C V Raman Nagar,"19,28,011","18,68,870","15,46,951","7,94,479","7,87,523","5,01,795",96.9%,82.8%,51.4%,99.1%,"2,85,612",36.3%,22.7%,13.5%,26.0%,"₹7,11,54,078",7.40,₹141.80,"37,12,351"
Byatarayanapura,"14,38,822","14,16,241","10,73,107","7,44,770","7,36,713","4,94,276",98.4%,75.8%,69.4%,98.9%,"2,42,341",32.9%,20.0%,12.8%,34.4%,"₹8,05,04,988",8.78,₹162.87,"43,38,923"
HSR - Singasandra,"20,66,364","19,96,309","16,37,259","8,31,627","8,20,728","4,84,200",96.6%,82.0%,50.8%,98.7%,"3,36,397",41.0%,24.1%,16.8%,23.4%,"₹7,25,34,757",7.93,₹149.80,"38,39,900"
Babusab Palya,"17,49,339","17,06,669","14,15,214","7,47,593","7,40,186","4,83,519",97.6%,82.9%,52.8%,99.0%,"2,56,556",34.7%,21.9%,12.7%,27.6%,"₹6,75,15,528",7.30,₹139.63,"35,28,767"
Subramanyapura,"13,46,337","13,24,664","10,12,994","6,72,845","6,64,479","4,63,762",98.4%,76.5%,66.4%,98.8%,"2,00,620",30.2%,19.6%,10.4%,34.4%,"₹6,62,77,005",7.78,₹142.91,"36,05,988"
Vishveshwara Puram,"15,10,651","14,83,489","11,23,105","7,16,788","7,08,986","4,62,591",98.2%,75.7%,63.8%,98.9%,"2,46,286",34.7%,19.3%,15.3%,30.6%,"₹5,69,51,334",6.41,₹123.11,"29,66,145"
Jnana Bharathi,"11,90,448","11,79,016","8,23,875","6,64,921","6,57,130","4,61,803",99.0%,69.9%,80.7%,98.8%,"1,95,221",29.7%,17.3%,12.3%,38.8%,"₹6,08,98,965",7.14,₹131.87,"32,98,342"
Jogupalya,"14,21,557","13,84,528","11,93,722","6,64,849","6,58,013","4,46,399",97.4%,86.2%,55.7%,99.0%,"2,11,500",32.1%,18.9%,13.1%,31.4%,"₹5,71,66,416",6.50,₹128.06,"29,00,790"
Kalena Agrahara,"17,28,086","16,77,084","13,55,897","6,67,686","6,60,210","4,34,450",97.0%,80.8%,49.2%,98.9%,"2,25,663",34.2%,21.1%,12.9%,25.1%,"₹7,65,16,264",9.62,₹176.12,"41,80,221"
Sarakki,"12,13,845","11,95,804","9,37,580","6,50,967","6,42,477","4,29,959",98.5%,78.4%,69.4%,98.7%,"2,12,406",33.1%,18.4%,14.6%,35.4%,"₹5,23,32,559",6.22,₹121.72,"26,76,399"
Kogilu,"12,87,073","12,67,551","8,57,378","6,41,872","6,32,106","4,29,336",98.5%,67.6%,74.9%,98.5%,"2,02,688",32.1%,18.8%,13.2%,33.4%,"₹8,31,30,161",10.93,₹193.62,"46,93,089"
Rajarajeshwari Nagar,"10,59,829","10,49,359","7,29,049","5,96,507","5,88,286","4,23,819",99.0%,69.5%,81.8%,98.6%,"1,64,380",27.9%,17.1%,10.8%,40.0%,"₹6,12,40,478",7.96,₹144.50,"33,72,060"
Hemmigepura,"12,94,946","12,73,808","8,57,160","6,24,772","6,17,879","4,22,962",98.4%,67.3%,72.9%,98.9%,"1,94,828",31.5%,18.9%,12.5%,32.7%,"₹6,20,72,690",8.01,₹146.76,"33,89,811"
A Narayanapura,"18,27,096","17,81,266","13,72,600","7,12,141","7,05,809","4,22,764",97.5%,77.1%,51.9%,99.1%,"2,82,937",40.1%,25.6%,14.4%,23.1%,"₹6,67,63,869",7.85,₹157.92,"33,17,922"
Hulimavu,"14,81,131","14,47,477","11,50,558","6,49,682","6,42,056","4,19,976",97.7%,79.5%,56.5%,98.8%,"2,21,969",34.6%,19.8%,14.7%,28.4%,"₹6,09,82,452",7.71,₹145.20,"32,38,512"
BTM Layout,"19,08,793","18,46,577","15,23,628","7,10,554","7,01,448","4,13,100",96.7%,82.5%,46.6%,98.7%,"2,88,247",41.1%,24.3%,16.7%,21.6%,"₹5,72,53,428",7.21,₹138.59,"29,78,400"
Ibluru,"16,85,255","16,20,397","14,00,389","6,53,507","6,45,676","4,09,515",96.2%,86.4%,46.7%,98.8%,"2,36,060",36.6%,21.0%,15.4%,24.3%,"₹6,43,23,136",8.29,₹157.07,"33,95,168"
Lingarajapura,"11,26,374","11,03,293","9,31,842","5,92,475","5,87,092","4,05,997",98.0%,84.5%,63.6%,99.1%,"1,81,020",30.8%,18.7%,12.0%,36.0%,"₹5,04,67,325",6.34,₹124.30,"25,72,254"
Subhash Nagar,"13,88,080","13,69,757","9,22,363","6,51,764","6,44,056","4,04,054",98.7%,67.3%,70.7%,98.8%,"2,39,933",37.3%,21.2%,15.9%,29.1%,"₹6,77,26,038",8.88,₹167.62,"35,88,231"
N S Palya,"14,89,650","14,46,804","11,90,829","6,25,170","6,16,975","4,00,978",97.1%,82.3%,52.5%,98.7%,"2,15,898",35.0%,19.7%,15.1%,26.9%,"₹5,55,89,370",7.27,₹138.63,"29,14,351"
Rupenaagrahara,"16,62,213","16,11,118","13,23,862","6,50,352","6,42,279","3,93,304",96.9%,82.2%,49.1%,98.8%,"2,48,866",38.7%,22.6%,16.0%,23.7%,"₹6,30,74,969",8.56,₹160.37,"33,65,320"
Kadu Malleshwara,"9,27,635","9,16,801","7,01,419","5,38,224","5,32,000","3,89,005",98.8%,76.5%,76.7%,98.8%,"1,42,929",26.9%,14.7%,12.0%,41.9%,"₹5,15,19,931",7.11,₹132.44,"27,65,004"
Amrutahalli,"11,90,336","11,65,970","8,95,941","5,82,625","5,76,629","3,83,694",98.0%,76.8%,65.0%,99.0%,"1,92,854",33.4%,20.6%,12.7%,32.2%,"₹6,10,92,514",8.65,₹159.22,"33,20,240"
Konena Agrahara,"14,42,790","13,97,576","12,04,922","5,88,675","5,83,352","3,79,032",96.9%,86.2%,48.9%,99.1%,"2,04,227",35.0%,20.9%,14.0%,26.3%,"₹5,82,46,194",8.10,₹153.67,"30,69,334"
Konanakunte,"11,00,819","10,85,945","8,00,787","5,77,745","5,70,209","3,76,977",98.6%,73.7%,72.1%,98.7%,"1,93,159",33.9%,20.2%,13.5%,34.2%,"₹4,92,58,153",6.84,₹130.67,"25,77,577"
Lal Bahadur Nagar,"12,34,601","12,06,640","9,36,788","5,54,125","5,48,761","3,74,615",97.7%,77.6%,59.2%,99.0%,"1,74,056",31.7%,19.7%,11.9%,30.3%,"₹5,25,74,741",7.33,₹140.34,"27,46,164"
Sunkenahalli,"9,84,146","9,69,794","7,48,652","5,35,264","5,28,788","3,71,751",98.5%,77.2%,71.5%,98.8%,"1,56,981",29.7%,16.2%,13.4%,37.8%,"₹4,55,16,109",6.45,₹122.44,"23,99,363"
Jalakanteshwara Nagara,"13,66,037","13,21,587","11,37,539","5,19,747","5,15,983","3,56,666",96.7%,86.1%,45.7%,99.3%,"1,59,244",30.9%,19.0%,11.8%,26.1%,"₹5,27,40,705",7.72,₹147.87,"27,52,560"
Radhakrishna Temple Ward,"8,82,889","8,71,129","6,77,807","5,06,176","4,98,856","3,52,356",98.7%,77.8%,74.7%,98.6%,"1,46,414",29.3%,16.8%,12.4%,39.9%,"₹4,89,97,485",7.40,₹139.06,"26,08,434"
Devasandra,"12,75,182","12,45,448","10,23,191","5,77,454","5,71,946","3,51,886",97.7%,82.2%,56.4%,99.0%,"2,19,977",38.5%,23.2%,15.1%,27.6%,"₹5,80,42,913",8.55,₹164.95,"30,08,064"
Maruthi Seva Nagar,"10,58,064","10,36,132","8,51,693","5,22,549","5,18,313","3,42,723",97.9%,82.2%,61.4%,99.2%,"1,75,508",33.9%,20.3%,13.5%,32.4%,"₹4,62,87,821",7.05,₹135.06,"24,14,658"
Nagapura,"8,51,478","8,43,950","5,81,810","4,79,923","4,73,734","3,30,530",99.1%,68.9%,82.5%,98.7%,"1,43,151",30.2%,15.8%,14.3%,38.8%,"₹4,27,80,538",6.88,₹129.43,"22,73,032"
Sanjaya Nagar,"9,36,313","9,22,308","6,98,856","4,78,409","4,72,474","3,29,551",98.5%,75.8%,68.5%,98.8%,"1,42,843",30.2%,18.2%,11.9%,35.2%,"₹4,72,93,661",7.74,₹143.51,"25,50,285"
Kacharkanahalli,"9,57,319","9,41,810","7,54,942","4,78,860","4,75,010","3,18,121",98.4%,80.2%,63.4%,99.2%,"1,56,808",33.0%,19.8%,13.1%,33.2%,"₹4,01,83,883",6.56,₹126.32,"20,88,006"
Subramanya Nagar,"8,79,337","8,69,985","6,48,346","4,98,510","4,91,952","3,18,004",98.9%,74.5%,76.9%,98.7%,"1,73,872",35.3%,19.9%,15.3%,36.2%,"₹4,61,37,695",7.63,₹145.09,"24,26,055"
Ramamurthy Nagara,"10,63,222","10,39,383","8,31,552","4,49,505","4,46,319","3,05,603",97.8%,80.0%,54.1%,99.3%,"1,40,659",31.5%,19.7%,11.7%,28.7%,"₹4,26,87,980",7.35,₹139.68,"22,46,687"
Hombegowda Nagara,"10,95,994","10,65,600","8,70,625","4,68,157","4,63,286","3,04,245",97.2%,81.7%,53.8%,99.0%,"1,58,985",34.3%,19.5%,14.6%,27.8%,"₹3,91,20,447",6.73,₹128.58,"20,47,480"
Hebbala,"9,24,821","9,09,717","7,10,372","4,51,077","4,46,518","2,99,204",98.4%,78.1%,63.5%,99.0%,"1,47,256",33.0%,20.1%,12.8%,32.4%,"₹4,31,18,897",7.80,₹144.11,"23,32,555"
Ashoka Pillar,"9,50,605","9,29,518","7,48,588","4,46,247","4,41,543","2,97,147",97.8%,80.5%,59.6%,98.9%,"1,44,327",32.7%,19.3%,13.3%,31.3%,"₹3,64,38,726",6.35,₹122.63,"18,85,995"
Ganga Nagar,"8,22,981","8,11,229","6,31,459","4,32,595","4,27,960","2,96,159",98.6%,77.8%,68.5%,98.9%,"1,31,726",30.8%,18.2%,12.5%,36.0%,"₹3,87,97,880",6.94,₹131,"20,56,583"
Ganesh Mandir ward,"7,29,119","7,20,823","5,51,167","4,17,571","4,12,825","2,96,075",98.9%,76.5%,75.8%,98.9%,"1,16,696",28.3%,15.8%,12.3%,40.6%,"₹3,46,69,144",6.13,₹117.10,"18,14,630"
Arakere,"10,26,907","10,00,203","7,99,818","4,44,181","4,39,331","2,94,380",97.4%,80.0%,55.5%,98.9%,"1,44,893",33.0%,19.5%,13.3%,28.7%,"₹4,35,43,139",7.91,₹147.91,"23,29,188"
Dharmaraya Swamy Temple Ward,"14,11,025","13,69,771","11,18,580","5,68,576","5,63,137","2,91,783",97.1%,81.7%,50.8%,99.0%,"2,71,256",48.2%,29.2%,18.8%,20.7%,"₹4,44,12,294",8.30,₹152.21,"24,22,893"
Bilekhalli,"11,54,792","11,18,875","9,31,951","4,60,193","4,55,139","2,90,549",96.9%,83.3%,49.4%,98.9%,"1,64,509",36.1%,21.5%,14.5%,25.2%,"₹4,30,18,747",7.82,₹148.06,"22,72,381"
Chatrapati Shivaji,"10,92,586","10,76,932","7,01,921","4,82,712","4,76,100","2,87,489",98.6%,65.2%,68.8%,98.6%,"1,88,551",39.6%,24.0%,15.5%,26.3%,"₹5,16,03,699",9.79,₹179.50,"28,13,271"
Vijnana Nagar,"11,64,948","11,25,915","9,60,669","4,21,242","4,18,150","2,86,611",96.6%,85.3%,43.8%,99.3%,"1,31,481",31.4%,19.7%,11.7%,24.6%,"₹4,55,38,223",8.44,₹158.89,"24,18,901"
Veeramadakari,"8,86,345","8,71,849","6,25,652","4,22,337","4,17,332","2,81,952",98.4%,71.8%,67.5%,98.8%,"1,35,304",32.4%,18.9%,13.4%,31.8%,"₹3,90,92,506",7.49,₹138.65,"21,12,765"
Yediyur,"8,14,811","7,98,794","6,36,431","4,14,247","4,09,396","2,80,735",98.0%,79.7%,65.1%,98.8%,"1,28,588",31.4%,18.0%,13.3%,34.5%,"₹3,48,11,464",6.46,₹124,"18,13,189"
Varthuru,"19,14,421","18,33,345","15,75,299","4,68,660","4,65,084","2,78,920",95.8%,85.9%,29.8%,99.2%,"1,86,099",40.0%,25.6%,14.3%,14.6%,"₹6,11,85,884",11.96,₹219.37,"33,37,238"
New Bayappanahalli,"10,20,922","9,92,218","8,36,877","4,41,347","4,37,364","2,77,827",97.2%,84.3%,52.7%,99.1%,"1,59,454",36.5%,22.4%,14.0%,27.2%,"₹3,70,25,916",6.92,₹133.27,"19,22,443"
Kodigehalli,"7,74,764","7,61,773","5,81,446","4,01,808","3,97,254","2,76,262",98.3%,76.3%,69.1%,98.9%,"1,20,928",30.4%,19.0%,11.3%,35.7%,"₹4,03,03,037",7.90,₹145.89,"21,82,011"
Basavanagudi,"7,02,634","6,93,563","5,27,888","3,86,988","3,81,695","2,75,580",98.7%,76.1%,73.3%,98.6%,"1,06,063",27.8%,15.4%,12.3%,39.2%,"₹3,25,08,444",6.19,₹117.96,"17,05,444"
Kaval Bairasandra,"8,61,125","8,43,902","6,77,625","4,05,130","4,00,709","2,73,658",98.0%,80.3%,59.8%,98.9%,"1,27,000",31.7%,19.0%,12.6%,31.8%,"₹3,67,98,324",7.12,₹134.47,"19,49,311"
Vidyaranyapura,"6,36,842","6,30,122","4,49,799","3,60,801","3,56,952","2,72,228",98.9%,71.4%,80.2%,98.9%,"84,666",23.7%,14.2%,9.5%,42.7%,"₹4,15,09,634",8.43,₹152.48,"22,96,130"
Vasanthpura,"7,56,998","7,46,921","5,47,428","3,95,492","3,91,532","2,71,980",98.7%,73.3%,72.2%,99.0%,"1,19,509",30.5%,18.7%,11.7%,35.9%,"₹3,59,31,882",7.04,₹132.11,"19,14,195"
Shanthi Nagar,"11,14,395","10,77,155","9,33,187","4,31,616","4,26,787","2,69,111",96.7%,86.6%,46.3%,98.9%,"1,57,609",36.9%,21.2%,15.6%,24.1%,"₹3,32,88,431",6.38,₹123.70,"17,17,868"
Hagadur,"11,89,469","11,58,214","9,40,935","4,34,572","4,30,997","2,68,270",97.4%,81.2%,46.2%,99.2%,"1,62,665",37.7%,23.2%,14.5%,22.6%,"₹4,56,04,538",9.05,₹169.99,"24,26,945"
RBI layout,"8,52,210","8,31,877","6,79,881","4,03,528","3,99,368","2,68,083",97.6%,81.7%,59.4%,99.0%,"1,31,231",32.9%,19.8%,12.9%,31.5%,"₹3,82,69,461",7.55,₹142.75,"20,24,908"
K R Puram,"11,26,436","10,99,901","8,31,177","4,24,394","4,21,533","2,62,753",97.6%,75.6%,51.1%,99.3%,"1,58,725",37.7%,24.0%,13.5%,23.3%,"₹4,05,40,031",8.28,₹154.29,"21,74,978"
Kempegowda Ward,"9,49,818","9,27,674","6,56,514","4,06,432","4,02,387","2,59,007",97.7%,70.8%,61.9%,99.0%,"1,43,321",35.6%,20.5%,15.0%,27.3%,"₹4,73,26,271",10.27,₹182.72,"26,61,191"
Jayamahal,"9,62,621","9,44,107","7,38,309","4,22,367","4,19,116","2,55,718",98.1%,78.2%,57.2%,99.2%,"1,63,354",39.0%,24.1%,14.7%,26.6%,"₹3,67,12,344",7.40,₹143.57,"18,92,145"
Jayachamarajendra Nagar,"7,40,071","7,27,580","5,75,252","3,71,267","3,67,620","2,55,396",98.3%,79.1%,64.5%,99.0%,"1,12,160",30.5%,17.8%,12.6%,34.5%,"₹3,37,11,233",6.99,₹131,"17,85,936"
Thanisandra,"7,15,597","7,05,920","5,11,787","3,70,256","3,65,823","2,49,343",98.6%,72.5%,72.3%,98.8%,"1,16,416",31.8%,18.9%,12.8%,34.8%,"₹3,99,71,802",8.72,₹160.31,"21,73,179"
Chunchaghatta,"7,84,946","7,68,689","5,93,788","3,57,597","3,53,998","2,48,206",97.9%,77.2%,60.2%,99.0%,"1,05,740",29.9%,18.1%,11.7%,31.6%,"₹3,59,35,303",7.29,₹144.78,"18,09,410"
Medahalli,"9,59,511","9,36,744","7,40,682","3,73,379","3,70,839","2,45,791",97.6%,79.1%,50.4%,99.3%,"1,25,001",33.7%,21.4%,12.2%,25.6%,"₹4,13,20,971",9.20,₹168.11,"22,61,094"
Ramaswamy Palya,"7,45,195","7,27,496","6,10,302","3,55,125","3,51,989","2,42,884",97.6%,83.9%,58.2%,99.1%,"1,09,046",31.0%,18.4%,12.4%,32.6%,"₹2,94,14,376",6.20,₹121.10,"15,05,775"
Girinagar,"5,62,542","5,57,743","4,00,640","3,28,710","3,24,966","2,42,516",99.1%,71.8%,82.0%,98.9%,"82,412",25.4%,14.5%,10.7%,43.1%,"₹2,95,42,403",6.52,₹121.82,"15,82,153"
Malleswaram,"6,48,701","6,40,246","4,72,303","3,48,266","3,44,337","2,41,506",98.7%,73.8%,73.7%,98.9%,"1,02,776",29.8%,16.4%,13.3%,37.2%,"₹3,03,79,001",6.67,₹125.79,"16,11,363"
Puttenahalli - Sarakki Lake,"7,32,850","7,19,208","5,66,995","3,62,415","3,58,559","2,39,591",98.1%,78.8%,63.9%,98.9%,"1,18,911",33.2%,19.0%,14.0%,32.7%,"₹3,20,30,447",7.03,₹133.69,"16,85,005"
Jakkasandra,"10,10,652","9,83,229","7,85,547","4,04,376","4,00,081","2,39,466",97.3%,79.9%,51.5%,98.9%,"1,60,556",40.1%,23.9%,16.1%,23.7%,"₹3,49,57,166",7.72,₹145.98,"18,49,535"
Chamrajapet,"8,02,234","7,87,982","5,93,435","3,99,882","3,95,895","2,37,541",98.2%,75.3%,67.4%,99.0%,"1,58,316",40.0%,24.3%,15.5%,29.6%,"₹3,15,25,560",7.14,₹132.72,"16,96,418"
Yelahanka Satellite Town,"6,25,126","6,17,655","4,23,944","3,51,129","3,47,323","2,37,048",98.8%,68.6%,82.8%,98.9%,"1,10,226",31.7%,18.8%,12.9%,37.9%,"₹3,70,69,034",8.64,₹156.38,"20,48,138"
Garudachar Playa,"9,55,643","9,28,550","7,57,709","3,91,225","3,87,316","2,34,893",97.2%,81.6%,51.6%,99.0%,"1,52,341",39.3%,24.2%,15.0%,24.6%,"₹3,74,14,555",8.24,₹159.28,"19,35,573"
Uttarahalli,"7,00,182","6,89,265","5,27,734","3,40,605","3,36,245","2,31,743",98.4%,76.6%,64.5%,98.7%,"1,04,460",31.1%,19.6%,11.3%,33.1%,"₹3,08,35,294",6.66,₹133.06,"15,43,012"
Basavanapura,"10,09,072","9,80,619","7,73,996","3,61,106","3,58,320","2,29,756",97.2%,78.9%,46.7%,99.2%,"1,28,513",35.9%,23.2%,12.5%,22.8%,"₹4,09,70,435",9.74,₹178.32,"22,38,460"
Begur,"9,65,009","9,36,140","7,39,541","3,64,847","3,60,882","2,29,518",97.0%,79.0%,49.3%,98.9%,"1,31,309",36.4%,22.2%,14.0%,23.8%,"₹3,97,77,036",9.52,₹173.31,"21,86,125"
Padmanabha Nagar,"5,90,586","5,82,835","4,44,094","3,16,675","3,12,223","2,23,560",98.7%,76.2%,71.3%,98.6%,"88,620",28.4%,16.7%,11.6%,37.9%,"₹2,73,92,687",6.48,₹122.53,"14,47,655"
Neelasandra,"9,16,930","8,87,845","7,65,679","3,59,213","3,56,158","2,22,431",96.8%,86.2%,46.9%,99.1%,"1,33,672",37.5%,22.4%,15.0%,24.3%,"₹2,77,50,894",6.31,₹124.76,"14,02,660"
Shettihalli,"6,49,655","6,39,289","4,44,616","3,30,494","3,26,526","2,21,524",98.4%,69.5%,74.3%,98.8%,"1,04,953",32.1%,18.8%,13.2%,34.1%,"₹3,02,91,008",7.47,₹136.74,"16,55,517"
Umamaheshwara Ward,"6,02,834","5,93,965","4,49,105","3,21,079","3,17,083","2,21,015",98.5%,75.6%,71.5%,98.8%,"96,018",30.3%,17.0%,13.2%,36.7%,"₹2,73,60,145",6.49,₹123.79,"14,34,069"
Anjanapura,"6,51,956","6,39,159","4,68,752","3,19,308","3,13,929","2,19,755",98.0%,73.3%,68.1%,98.3%,"94,138",30.0%,18.2%,11.7%,33.7%,"₹3,35,78,370",8.40,₹152.80,"18,44,984"
Dattatreya Temple,"5,42,083","5,34,932","4,03,567","3,03,392","3,00,159","2,11,900",98.7%,75.4%,75.2%,98.9%,"88,217",29.4%,15.9%,13.4%,39.1%,"₹2,72,58,638",6.84,₹128.64,"14,49,196"
Lakkasandra,"9,54,063","9,22,793","7,82,197","3,56,470","3,53,278","2,11,579",96.7%,84.8%,45.6%,99.1%,"1,41,616",40.1%,24.7%,15.3%,22.2%,"₹2,84,85,389",7.11,₹134.63,"15,03,657"
Vishwanath Nagenahalli,"6,80,571","6,66,082","5,19,117","3,02,422","3,00,057","2,01,232",97.9%,77.9%,58.3%,99.2%,"98,792",32.9%,20.1%,12.7%,29.6%,"₹2,79,53,482",7.43,₹138.91,"14,94,540"
Kanneshwara Rama,"5,56,821","5,49,159","4,09,333","2,92,278","2,89,394","2,00,501",98.6%,74.5%,71.4%,99.0%,"88,854",30.7%,18.3%,12.2%,36.0%,"₹2,70,82,601",7.28,₹135.07,"14,59,655"
Someshwara Ward,"5,26,405","5,19,902","3,54,828","2,89,603","2,86,450","1,98,561",98.8%,68.2%,81.6%,98.9%,"87,849",30.7%,17.6%,12.9%,37.7%,"₹3,44,55,653",9.72,₹173.53,"19,30,298"
HAL Airport,"8,61,431","8,35,503","6,87,360","3,04,719","3,02,171","1,97,513",97.0%,82.3%,44.3%,99.2%,"1,04,613",34.6%,21.9%,12.6%,22.9%,"₹3,20,83,781",8.76,₹162.44,"17,29,890"
Kuvempunagar,"5,60,897","5,52,338","3,92,807","2,86,804","2,83,457","1,97,151",98.5%,71.1%,73.0%,98.8%,"86,257",30.4%,18.5%,11.8%,35.1%,"₹3,04,61,002",8.61,₹154.51,"16,96,871"
Sudham Nagara,"8,36,773","8,14,219","6,66,178","3,34,267","3,30,848","1,96,592",97.3%,81.8%,50.2%,99.0%,"1,34,200",40.6%,24.6%,15.8%,23.5%,"₹2,81,77,923",7.65,₹143.33,"15,04,206"
Katriguppe,"4,90,770","4,85,194","3,59,552","2,74,602","2,70,970","1,92,541",98.9%,74.1%,76.4%,98.7%,"78,389",28.9%,17.2%,11.6%,39.2%,"₹2,32,40,004",6.42,₹120.70,"12,35,472"
Someshwara Nagar,"8,37,439","8,15,487","6,51,511","3,25,425","3,22,288","1,91,552",97.4%,79.9%,49.9%,99.0%,"1,30,694",40.6%,25.3%,15.1%,22.9%,"₹2,80,27,406",7.85,₹146.32,"15,02,735"
Kumaraswamy Layout,"5,23,777","5,18,633","3,78,521","2,79,208","2,76,002","1,87,559",99.0%,73.0%,73.8%,98.9%,"88,397",32.0%,17.1%,14.8%,35.8%,"₹2,27,69,262",6.46,₹121.40,"12,11,755"
Attiguppe,"4,46,058","4,42,686","2,95,520","2,54,262","2,50,366","1,85,487",99.2%,66.8%,86.0%,98.5%,"64,846",25.9%,13.6%,12.1%,41.6%,"₹2,30,57,777",6.65,₹124.31,"12,32,992"
Mattikere,"4,83,968","4,78,536","3,47,158","2,66,456","2,63,306","1,84,910",98.9%,72.5%,76.8%,98.8%,"78,363",29.8%,16.4%,13.3%,38.2%,"₹2,32,33,874",6.67,₹125.65,"12,34,201"
Dodda Bommasandra,"5,39,735","5,31,648","3,88,777","2,66,999","2,64,162","1,83,279",98.5%,73.1%,68.7%,98.9%,"80,842",30.6%,18.6%,11.9%,34.0%,"₹2,60,07,868",7.77,₹141.90,"14,23,608"
Manorayanapalya,"6,12,177","5,99,782","4,65,150","2,76,567","2,73,597","1,82,824",98.0%,77.6%,59.5%,98.9%,"90,729",33.2%,20.3%,12.8%,29.9%,"₹2,49,52,799",7.26,₹136.49,"13,27,718"
Devarachikkanahalli,"7,78,878","7,53,626","6,13,362","2,87,248","2,84,142","1,82,228",96.8%,81.4%,46.8%,98.9%,"1,01,864",35.8%,22.1%,13.6%,23.4%,"₹2,85,32,896",8.42,₹156.58,"15,33,685"
Okalipuram,"5,34,113","5,27,254","4,00,271","2,87,968","2,85,143","1,73,340",98.7%,75.9%,71.9%,99.0%,"1,11,775",39.2%,22.2%,16.9%,32.5%,"₹2,48,76,235",7.45,₹143.51,"12,90,553"
Chamundi Nagara,"5,31,097","5,22,505","4,02,782","2,58,108","2,55,958","1,72,512",98.4%,77.1%,64.1%,99.2%,"83,414",32.6%,20.0%,12.4%,32.5%,"₹2,11,94,238",6.38,₹122.86,"11,00,203"
Gurappanapalya,"7,45,835","7,24,901","5,77,703","3,20,350","3,16,971","1,71,584",97.2%,79.7%,55.5%,98.9%,"1,45,339",45.9%,29.8%,15.9%,23.0%,"₹2,35,07,819",7.22,₹137,"12,39,517"
Kudlu,"8,30,878","7,98,728","6,76,778","2,76,291","2,73,662","1,70,103",96.1%,84.7%,40.8%,99.0%,"1,03,524",37.8%,22.9%,14.8%,20.5%,"₹2,94,82,666",9.34,₹173.32,"15,88,157"
Chokkasandra,"5,81,285","5,70,683","4,25,239","2,85,520","2,82,053","1,69,019",98.2%,74.5%,67.1%,98.8%,"1,12,995",40.1%,19.0%,20.8%,29.1%,"₹1,79,43,595",5.37,₹106.16,"9,07,609"
Rajamahal Guttahalli,"4,51,410","4,43,821","3,43,371","2,39,798","2,37,376","1,67,266",98.3%,77.4%,69.8%,99.0%,"70,074",29.5%,16.8%,12.6%,37.1%,"₹2,06,16,067",6.50,₹123.25,"10,86,734"
Nalvadi Krishnaraja Wadior Park,"4,06,682","4,03,728","2,59,829","2,28,316","2,24,691","1,65,020",99.3%,64.4%,87.9%,98.4%,"59,639",26.5%,15.0%,11.5%,40.6%,"₹2,44,44,666",8.32,₹148.13,"13,72,358"
Bande Mutt,"5,77,684","5,70,109","3,47,517","2,52,057","2,49,016","1,63,991",98.7%,61.0%,72.5%,98.8%,"84,986",34.1%,19.7%,14.3%,28.4%,"₹2,38,54,867",7.98,₹145.46,"13,09,401"
Sir M. Vishweshwaraiah,"3,94,853","3,91,823","2,55,369","2,22,547","2,19,533","1,60,866",99.2%,65.2%,87.1%,98.6%,"58,633",26.7%,15.9%,10.7%,40.7%,"₹2,33,91,019",8.18,₹145.41,"13,15,487"
Kushal Nagar,"5,36,064","5,25,860","4,08,763","2,47,304","2,45,529","1,60,583",98.1%,77.7%,60.5%,99.3%,"84,916",34.6%,21.4%,13.1%,30.0%,"₹1,99,86,113",6.48,₹124.46,"10,40,125"
Kammanahalli,"5,29,432","5,19,696","4,12,705","2,53,068","2,51,263","1,58,577",98.2%,79.4%,61.3%,99.3%,"92,641",36.9%,23.4%,13.4%,30.0%,"₹2,03,49,030",6.75,₹128.32,"10,70,301"
Hanumanth Nagar,"4,06,016","4,01,772","2,85,808","2,22,373","2,19,471","1,58,265",99.0%,71.1%,77.8%,98.7%,"61,173",27.9%,15.4%,12.3%,39.0%,"₹1,89,04,555",6.35,₹119.45,"10,04,384"
Sriramamandir,"3,80,924","3,77,202","2,68,315","2,21,457","2,19,026","1,57,261",99.0%,71.1%,82.5%,98.9%,"61,737",28.2%,15.1%,12.9%,41.3%,"₹1,99,84,442",6.85,₹127.08,"10,76,812"
Vikram Nagar,"4,24,658","4,18,882","3,10,390","2,22,174","2,19,333","1,55,736",98.6%,74.1%,71.6%,98.7%,"63,566",29.0%,17.3%,11.6%,36.7%,"₹2,02,66,776",6.96,₹130.14,"10,84,667"
Tilak Nagar,"6,04,719","5,88,051","4,78,151","2,60,539","2,57,792","1,55,582",97.2%,81.3%,54.5%,98.9%,"1,02,162",39.6%,23.8%,15.7%,25.7%,"₹1,97,23,080",6.57,₹126.77,"10,22,411"
Vijinapura,"5,78,053","5,64,024","4,43,740","2,41,942","2,40,421","1,54,576",97.6%,78.7%,54.5%,99.4%,"85,813",35.7%,23.5%,12.1%,26.7%,"₹2,21,18,874",7.54,₹143.09,"11,64,993"
Marappana Palya,"4,63,258","4,58,637","2,98,542","2,36,648","2,33,694","1,53,517",99.0%,65.1%,79.3%,98.8%,"80,143",34.3%,18.7%,15.4%,33.1%,"₹2,03,40,443",6.62,₹132.50,"10,15,983"
Atturu Layout,"4,20,168","4,15,142","2,76,380","2,18,141","2,15,776","1,52,661",98.8%,66.6%,78.9%,98.9%,"63,082",29.2%,17.5%,11.7%,36.3%,"₹2,54,58,549",9.40,₹166.77,"14,35,645"
Vannarapete,"4,60,099","4,52,008","3,68,756","2,23,883","2,21,788","1,50,984",98.2%,81.6%,60.7%,99.1%,"70,774",31.9%,18.6%,13.1%,32.8%,"₹1,88,40,470",6.54,₹124.78,"9,87,518"
Gottigere,"4,34,553","4,28,441","2,94,600","2,18,037","2,15,490","1,49,829",98.6%,68.8%,74.0%,98.8%,"65,632",30.5%,17.8%,12.6%,34.5%,"₹2,29,86,823",8.44,₹153.42,"12,64,420"
Kadugondanahalli,"5,17,809","5,09,178","3,86,523","2,39,495","2,37,458","1,49,657",98.3%,75.9%,62.0%,99.1%,"87,779",37.0%,22.8%,14.0%,28.9%,"₹1,87,24,133",6.45,₹125.11,"9,65,606"
Sagayarapuram,"4,96,221","4,85,590","3,89,951","2,31,684","2,30,147","1,45,980",97.9%,80.3%,59.4%,99.3%,"84,128",36.6%,22.3%,14.1%,29.4%,"₹1,71,03,806",5.86,₹117.17,"8,55,173"
T Dasarahalli,"4,53,172","4,46,532","2,99,194","2,29,630","2,26,963","1,45,173",98.5%,67.0%,76.7%,98.8%,"81,750",36.0%,20.8%,15.1%,32.0%,"₹1,78,54,907",6.50,₹122.99,"9,43,058"
Hampi Nagar,"3,68,691","3,65,426","2,48,331","2,06,293","2,03,614","1,44,691",99.1%,68.0%,83.1%,98.7%,"58,899",28.9%,15.8%,13.0%,39.2%,"₹1,88,65,431",7.05,₹130.38,"10,20,507"
J P Park,"4,18,614","4,12,160","3,02,988","2,10,512","2,08,020","1,44,297",98.5%,73.5%,69.5%,98.8%,"63,696",30.6%,18.9%,11.6%,34.5%,"₹1,97,79,863",7.45,₹137.08,"10,74,956"
Srinagar,"3,60,029","3,56,592","2,48,562","1,99,735","1,96,905","1,43,858",99.0%,69.7%,80.4%,98.6%,"53,005",26.9%,14.8%,12.0%,40.0%,"₹1,72,73,416",6.44,₹120.07,"9,25,937"
Hosakerehalli,"4,21,027","4,16,533","2,94,127","2,23,528","2,20,477","1,43,782",98.9%,70.6%,76.0%,98.6%,"76,663",34.8%,19.8%,14.9%,34.2%,"₹1,90,07,543",7.28,₹132.20,"10,46,147"
Kengeri,"4,01,214","3,97,450","2,41,712","2,02,290","2,00,073","1,43,192",99.1%,60.8%,83.7%,98.9%,"56,847",28.4%,16.4%,11.9%,35.7%,"₹2,14,10,139",8.33,₹149.52,"11,93,489"
Naganathapura,"6,54,422","6,35,032","4,88,913","2,40,949","2,38,955","1,42,665",97.0%,77.0%,49.3%,99.2%,"96,254",40.3%,24.1%,16.0%,21.8%,"₹2,81,73,980",10.97,₹197.48,"15,65,619"
Bharathi Nagar,"6,09,643","5,96,299","4,94,212","2,59,753","2,57,891","1,41,488",97.8%,82.9%,52.6%,99.3%,"1,16,364",45.1%,29.4%,15.5%,23.2%,"₹1,79,27,806",6.47,₹126.71,"9,15,989"
Ullal,"3,58,852","3,55,451","2,25,903","1,94,412","1,91,584","1,40,253",99.1%,63.6%,86.1%,98.5%,"51,297",26.8%,15.4%,11.2%,39.1%,"₹2,16,50,070",8.72,₹154.36,"12,23,306"
Gali Anjenaya Temple ward,"4,52,853","4,48,984","2,67,460","2,16,181","2,14,270","1,37,092",99.1%,59.6%,80.8%,99.1%,"77,157",36.0%,20.0%,15.8%,30.3%,"₹2,06,03,538",8.15,₹150.29,"11,17,816"
Jaraganahalli,"4,39,611","4,32,777","3,30,815","2,22,696","2,20,038","1,36,406",98.4%,76.4%,67.3%,98.8%,"83,605",38.0%,23.0%,14.8%,31.0%,"₹1,60,35,401",6.10,₹117.56,"8,32,249"
Vidyapeeta ward,"3,67,253","3,62,798","2,70,660","2,02,305","2,00,194","1,36,175",98.8%,74.6%,74.7%,99.0%,"63,989",32.0%,19.5%,12.4%,37.1%,"₹1,65,35,518",6.42,₹121.43,"8,74,735"
Chickpete,"7,73,532","7,54,373","6,24,976","3,87,365","3,84,348","1,35,836",97.5%,82.8%,62.0%,99.2%,"2,48,455",64.6%,44.1%,20.4%,17.6%,"₹2,37,12,967",9.77,₹174.57,"13,26,487"
Dr. Raj Kumar Ward,"3,52,331","3,49,067","2,39,386","1,95,428","1,93,147","1,34,856",99.1%,68.6%,81.6%,98.8%,"58,268",30.2%,16.3%,13.7%,38.3%,"₹1,73,46,409",6.89,₹128.63,"9,28,499"
Doddagollarahatti,"3,47,615","3,44,240","2,10,971","1,82,327","1,79,910","1,32,418",99.0%,61.3%,86.4%,98.7%,"47,455",26.4%,14.3%,12.0%,38.1%,"₹2,10,95,906",9.08,₹159.31,"12,02,444"
Marenahalli,"3,15,642","3,13,391","2,08,153","1,80,114","1,77,713","1,31,582",99.3%,66.4%,86.5%,98.7%,"46,119",26.0%,13.5%,12.4%,41.7%,"₹1,61,91,892",6.58,₹123.06,"8,66,448"
Kamakya Nagar,"3,92,426","3,86,562","2,91,365","1,95,008","1,92,830","1,30,226",98.5%,75.4%,66.9%,98.9%,"62,579",32.5%,20.3%,12.0%,33.2%,"₹1,65,75,650",6.78,₹127.28,"8,83,277"
Mangammanapalya,"5,41,990","5,27,078","4,18,144","2,20,406","2,18,032","1,26,832",97.2%,79.3%,52.7%,98.9%,"91,162",41.8%,25.6%,16.1%,23.4%,"₹1,96,85,983",8.33,₹155.21,"10,56,105"
Agaram,"5,58,973","5,42,792","4,44,127","2,07,480","2,05,414","1,25,395",97.1%,81.8%,46.7%,99.0%,"79,990",38.9%,23.0%,15.9%,22.4%,"₹1,71,80,032",7.10,₹137.01,"8,90,375"
Defence Colony,"4,12,387","4,04,969","2,68,634","1,96,296","1,94,585","1,20,683",98.2%,66.3%,73.1%,99.1%,"73,878",38.0%,20.4%,17.4%,29.3%,"₹1,41,57,317",6.13,₹117.31,"7,40,100"
Rajaji Nagar,"3,02,432","2,99,985","1,97,973","1,67,858","1,65,796","1,19,833",99.2%,66.0%,84.8%,98.8%,"45,937",27.7%,14.6%,12.9%,39.6%,"₹1,52,76,523",6.85,₹127.48,"8,21,383"
Kadugodi,"5,48,035","5,34,593","4,17,380","1,93,909","1,92,330","1,18,437",97.5%,78.1%,46.5%,99.2%,"73,867",38.4%,24.1%,14.2%,21.6%,"₹2,12,09,425",9.66,₹179.08,"11,43,916"
Kammagondanahalli,"3,34,027","3,28,190","2,28,634","1,67,913","1,66,270","1,17,620",98.3%,69.7%,73.4%,99.0%,"48,619",29.2%,17.9%,11.2%,35.2%,"₹1,84,09,604",8.79,₹156.52,"10,34,020"
Chowdeswari Ward,"3,84,261","3,78,081","2,42,838","1,80,242","1,78,038","1,17,055",98.4%,64.2%,74.2%,98.8%,"60,948",34.2%,20.8%,13.3%,30.5%,"₹2,40,03,114",11.63,₹205.06,"13,60,934"
Nagarabhavi,"2,93,376","2,90,789","1,96,217","1,64,639","1,62,383","1,16,837",99.1%,67.5%,83.9%,98.6%,"45,522",28.0%,15.8%,12.2%,39.8%,"₹1,59,61,130",7.53,₹136.61,"8,80,052"
Gayithri Nagar,"3,02,411","2,99,641","2,03,737","1,63,671","1,61,828","1,16,019",99.1%,68.0%,80.3%,98.9%,"45,786",28.3%,15.0%,13.1%,38.4%,"₹1,40,10,681",6.39,₹120.76,"7,41,546"
Chanakya,"3,89,545","3,86,209","2,40,782","1,80,425","1,77,593","1,14,642",99.1%,62.3%,74.9%,98.4%,"62,919",35.4%,20.4%,14.9%,29.4%,"₹1,65,88,669",7.80,₹144.70,"8,94,053"
Veerabhadranagar,"3,37,210","3,33,895","2,31,874","1,76,351","1,74,400","1,13,160",99.0%,69.4%,76.1%,98.9%,"61,213",35.1%,19.2%,15.8%,33.6%,"₹1,29,03,260",6.01,₹114.03,"6,80,387"
Yelachenahalli,"3,68,891","3,63,365","2,73,826","1,86,290","1,84,386","1,09,451",98.5%,75.4%,68.0%,99.0%,"74,908",40.6%,25.6%,14.9%,29.7%,"₹1,39,14,352",6.71,₹127.13,"7,34,299"
Srinivasa Nagar,"2,71,696","2,69,279","1,87,459","1,49,431","1,47,492","1,08,970",99.1%,69.6%,79.7%,98.7%,"38,501",26.1%,14.0%,12.0%,40.1%,"₹1,30,41,926",6.40,₹119.68,"6,97,603"
Bommanahalli,"5,15,144","4,96,734","4,09,033","1,77,006","1,75,318","1,05,035",96.4%,82.3%,43.3%,99.0%,"70,251",40.1%,25.0%,15.0%,20.4%,"₹1,52,13,507",7.65,₹144.84,"8,03,229"
Vijayanagara Krishnadevaraya,"2,81,219","2,78,678","1,75,709","1,48,669","1,46,903","1,03,247",99.1%,63.1%,84.6%,98.8%,"43,638",29.7%,16.1%,13.5%,36.7%,"₹1,40,22,033",7.52,₹135.81,"7,76,339"
Deen Dayalu Ward,"3,28,950","3,24,433","2,31,782","1,61,174","1,59,114","1,02,482",98.6%,71.4%,69.5%,98.7%,"56,604",35.6%,21.9%,13.5%,31.2%,"₹1,33,45,064",6.99,₹130.22,"7,16,724"
Banashankari Temple ward,"3,63,100","3,58,951","2,47,594","1,71,053","1,69,253","1,02,193",98.9%,69.0%,69.1%,98.9%,"67,034",39.6%,23.2%,16.3%,28.1%,"₹1,12,71,072",5.63,₹110.29,"5,75,265"
Shivanagara,"2,37,306","2,35,399","1,60,523","1,36,163","1,34,661","99,421",99.2%,68.2%,84.8%,98.9%,"35,221",26.2%,13.6%,12.4%,41.9%,"₹1,22,58,121",6.61,₹123.30,"6,57,147"
Mahalakshimpuram,"2,39,548","2,37,377","1,63,505","1,37,951","1,36,482","98,556",99.1%,68.9%,84.4%,98.9%,"37,898",27.8%,15.4%,12.2%,41.1%,"₹1,21,62,328",6.61,₹123.41,"6,51,265"
Bagalakunte,"3,27,889","3,23,154","2,04,907","1,47,762","1,46,426","97,287",98.6%,63.4%,72.1%,99.1%,"49,112",33.5%,19.0%,14.4%,29.7%,"₹1,28,17,219",6.99,₹131.75,"6,79,839"
Peenya,"3,42,042","3,36,540","2,24,849","1,59,619","1,57,536","94,214",98.4%,66.8%,71.0%,98.7%,"63,294",40.2%,23.7%,16.3%,27.5%,"₹1,28,29,806",7.43,₹136.18,"7,00,288"
Basaveshwara Nagar,"2,09,372","2,07,901","1,41,083","1,24,203","1,22,674","93,040",99.3%,67.9%,88.0%,98.8%,"29,615",24.1%,12.2%,11.8%,44.4%,"₹1,16,28,025",6.76,₹124.98,"6,28,501"
Nagavara,"3,75,250","3,68,648","2,67,959","1,57,932","1,56,829","92,626",98.2%,72.7%,58.9%,99.3%,"64,187",40.9%,26.1%,14.7%,24.7%,"₹1,17,10,603",6.49,₹126.43,"6,01,121"
Kamakshipalya,"2,11,928","2,10,331","1,41,020","1,24,368","1,22,992","91,513",99.2%,67.0%,88.2%,98.9%,"31,462",25.6%,13.4%,12.1%,43.2%,"₹1,20,80,302",7.19,₹132.01,"6,57,579"
Govindaraja Nagar,"2,02,351","2,00,899","1,31,963","1,17,300","1,15,678","88,261",99.3%,65.7%,88.9%,98.6%,"27,400",23.7%,12.3%,11.3%,43.6%,"₹1,14,86,506",7.08,₹130.14,"6,25,259"
Maruthi Mandir ward,"2,14,457","2,12,684","1,40,160","1,21,293","1,19,454","88,240",99.2%,65.9%,86.5%,98.5%,"31,191",26.1%,14.2%,11.8%,41.1%,"₹1,14,59,517",7.03,₹129.87,"6,20,436"
Avalahalli,"2,48,694","2,46,229","1,68,942","1,34,185","1,32,502","87,935",99.0%,68.6%,79.4%,98.7%,"44,551",33.6%,19.6%,13.9%,35.4%,"₹1,21,35,892",7.52,₹138.01,"6,61,003"
Vidyamanyanagar,"2,53,129","2,49,714","1,50,748","1,25,413","1,23,286","86,711",98.7%,60.4%,83.2%,98.3%,"36,551",29.6%,16.3%,13.2%,34.3%,"₹1,40,61,447",9.30,₹162.16,"8,06,365"
Hosahalli,"2,07,904","2,05,553","1,40,996","1,15,116","1,13,469","78,968",98.9%,68.6%,81.6%,98.6%,"34,482",30.4%,17.0%,13.3%,38.0%,"₹99,99,115",6.85,₹126.62,"5,40,553"
Shankar Matt,"1,90,547","1,89,030","1,27,812","1,09,308","1,07,992","78,342",99.2%,67.6%,85.5%,98.8%,"29,636",27.4%,15.1%,12.2%,41.1%,"₹97,37,417",6.72,₹124.29,"5,26,344"
Vijayanagar,"2,12,560","2,10,379","1,42,297","1,13,526","1,12,144","77,586",99.0%,67.6%,79.8%,98.8%,"34,542",30.8%,17.0%,13.6%,36.5%,"₹86,70,979",5.82,₹111.76,"4,51,547"
Dodda Bidarakallu,"2,69,045","2,63,878","1,64,912","1,20,187","1,18,665","76,180",98.1%,62.5%,72.9%,98.7%,"42,465",35.8%,19.4%,16.2%,28.3%,"₹1,21,73,721",9.05,₹159.80,"6,89,654"
Prakash Nagar,"2,02,571","2,00,666","1,36,905","1,10,946","1,09,617","75,839",99.1%,68.2%,81.0%,98.8%,"33,763",30.8%,17.2%,13.5%,37.4%,"₹92,67,611",6.47,₹122.20,"4,91,005"
Nelagadderanahalli,"2,55,566","2,49,003","1,82,788","1,19,488","1,17,858","75,020",97.4%,73.4%,65.4%,98.6%,"42,814",36.3%,20.7%,15.5%,29.4%,"₹1,04,72,096",7.69,₹139.59,"5,76,810"
Venkateshpura,"3,04,004","2,97,695","2,31,085","1,32,031","1,31,272","74,462",97.9%,77.6%,57.1%,99.4%,"56,794",43.3%,28.7%,14.4%,24.5%,"₹86,26,366",5.88,₹115.85,"4,37,744"
Chandra Layout,"2,02,177","2,00,266","1,35,959","1,08,476","1,07,075","74,307",99.1%,67.9%,79.8%,98.7%,"32,745",30.6%,17.5%,12.9%,36.8%,"₹97,82,509",7.16,₹131.65,"5,31,971"
Binnipete,"2,47,160","2,43,488","1,80,103","1,24,550","1,23,415","72,639",98.5%,74.0%,69.2%,99.1%,"50,760",41.1%,24.9%,16.1%,29.4%,"₹93,25,597",6.84,₹128.38,"4,96,984"
Agrahara Dasarahalli,"1,58,535","1,57,470","1,02,680","89,839","88,899","66,131",99.3%,65.2%,87.5%,99.0%,"22,757",25.6%,13.0%,12.4%,41.7%,"₹87,76,269",7.23,₹132.71,"4,78,351"
Shakthi Ganapathi Nagar,"1,58,958","1,57,744","1,04,796","91,211","90,004","66,033",99.2%,66.4%,87.0%,98.7%,"23,948",26.6%,14.4%,12.0%,41.5%,"₹85,50,528",7.05,₹129.49,"4,65,724"
Cottonpete,"2,74,942","2,69,024","2,07,167","1,30,547","1,29,528","64,207",97.8%,77.0%,63.0%,99.2%,"65,303",50.4%,32.2%,18.1%,23.4%,"₹88,15,116",7.40,₹137.29,"4,75,222"
Herohalli,"1,70,973","1,69,427","1,00,468","89,432","88,244","63,447",99.1%,59.3%,89.0%,98.7%,"24,781",28.1%,14.6%,13.4%,37.1%,"₹93,06,130",8.28,₹146.68,"5,25,025"
Nandini Layout,"1,58,857","1,57,364","1,04,672","87,473","86,354","61,003",99.1%,66.5%,83.6%,98.7%,"25,334",29.3%,15.8%,13.4%,38.4%,"₹78,37,973",6,₹128.49,"4,26,789"
Puneet Rajkumar,"1,55,485","1,54,045","1,02,604","85,426","84,507","58,874",99.1%,66.6%,83.3%,98.9%,"25,619",30.3%,16.8%,13.3%,37.9%,"₹71,28,451",6.53,₹121.08,"3,84,702"
Ranadheera Kanteerava,"1,73,973","1,71,669","1,10,071","87,986","86,936","58,276",98.7%,64.1%,79.9%,98.8%,"28,641",32.9%,18.1%,14.7%,33.5%,"₹70,92,096",6.57,₹121.70,"3,82,742"
Rajagopal Nagar,"1,73,122","1,69,759","1,17,389","84,966","84,085","56,745",98.1%,69.2%,72.4%,99.0%,"27,329",32.5%,18.4%,14.0%,32.8%,"₹76,20,900",7.32,₹134.30,"4,15,480"
Hongasandra,"2,33,138","2,26,423","1,79,019","90,657","89,865","53,565",97.1%,79.1%,50.6%,99.1%,"36,289",40.4%,25.3%,15.0%,23.0%,"₹81,83,331",8.22,₹152.77,"4,40,070"
Dayananda Nagar,"1,46,434","1,44,634","1,04,886","79,684","78,974","52,959",98.8%,72.5%,76.0%,99.1%,"26,003",32.9%,19.0%,13.8%,36.2%,"₹60,72,899",6.02,₹114.67,"3,18,554"
Azad Nagar,"1,66,500","1,63,833","1,18,920","85,547","84,644","52,538",98.4%,72.6%,71.9%,98.9%,"32,083",37.9%,23.8%,14.0%,31.6%,"₹65,05,822",6.68,₹123.83,"3,50,839"
Nayandahalli,"1,68,816","1,66,926","1,06,345","80,805","79,942","50,352",98.9%,63.7%,76.0%,98.9%,"29,575",37.0%,21.4%,15.5%,29.8%,"₹71,72,893",7.79,₹142.45,"3,92,215"
Muneshwara Nagar,"1,87,150","1,83,743","1,36,045","80,190","79,709","44,715",98.2%,74.0%,58.9%,99.4%,"34,978",43.9%,27.8%,15.9%,23.9%,"₹54,49,237",6.30,₹121.87,"2,81,488"
Mudalapalya,"1,21,128","1,20,142","74,510","63,712","62,955","44,059",99.2%,62.0%,85.5%,98.8%,"18,885",30.0%,16.2%,13.6%,36.4%,"₹57,16,931",7.08,₹129.76,"3,12,064"
Mallasandra,"1,34,577","1,32,148","92,009","65,233","64,497","42,979",98.2%,69.6%,70.9%,98.9%,"21,510",33.4%,19.9%,13.3%,31.9%,"₹54,76,509",6.86,₹127.42,"2,94,708"
Jai Maruthinagara,"1,20,636","1,19,509","79,130","64,640","63,798","42,484",99.1%,66.2%,81.7%,98.7%,"21,303",33.4%,19.4%,13.8%,35.2%,"₹50,99,210",6.46,₹120.03,"2,74,658"
Sunkadakatte,"1,20,105","1,18,514","73,999","61,085","60,408","39,806",98.7%,62.4%,82.5%,98.9%,"20,587",34.1%,19.0%,14.9%,33.1%,"₹52,37,203",7.22,₹131.57,"2,87,579"
Veera Sindhura Lakshamana,"1,19,477","1,17,909","74,067","59,299","58,522","38,886",98.7%,62.8%,80.1%,98.7%,"19,627",33.5%,18.5%,14.9%,32.5%,"₹49,19,961",6.90,₹126.52,"2,68,496"
Kaveripura,"1,09,322","1,08,065","71,259","58,214","57,687","37,444",98.9%,65.9%,81.7%,99.1%,"20,239",35.1%,20.8%,14.1%,34.3%,"₹52,77,270",7.76,₹140.94,"2,90,393"
S K Garden,"1,59,227","1,55,738","1,21,487","64,047","63,740","34,898",97.8%,78.0%,52.7%,99.5%,"28,829",45.2%,29.7%,15.4%,21.9%,"₹43,19,286",6.40,₹123.77,"2,23,506"
Hegganahalli,"1,07,354","1,05,859","67,691","53,884","53,220","34,636",98.6%,63.9%,79.6%,98.8%,"18,577",34.9%,20.0%,14.8%,32.3%,"₹47,41,324",7.55,₹136.89,"2,61,511"
Rajeshwari Nagar,"1,04,976","1,03,287","64,877","50,533","49,723","32,375",98.4%,62.8%,77.9%,98.4%,"17,338",34.9%,19.9%,14.9%,30.8%,"₹41,21,536",6.92,₹127.31,"2,24,072"
Vrisabhavathi Nagar,"97,345","96,341","60,021","49,645","49,119","32,313",99.0%,62.3%,82.7%,98.9%,"16,798",34.2%,19.9%,14.1%,33.2%,"₹40,89,694",6.88,₹126.56,"2,22,408"
Jagajivanaram Nagar,"1,17,395","1,15,506","83,144","57,590","56,959","31,304",98.4%,72.0%,69.3%,98.9%,"25,650",45.0%,27.5%,17.4%,26.7%,"₹42,85,576",7.46,₹136.90,"2,33,632"
Chalavadipalya,"1,08,671","1,06,639","76,669","49,723","49,375","27,663",98.1%,71.9%,64.9%,99.3%,"21,701",44.0%,27.2%,16.6%,25.5%,"₹37,43,861",7.26,₹135.34,"2,00,904"
Lakshmi Devi Nagar,"73,565","72,687","45,730","37,165","36,775","24,241",98.8%,62.9%,81.3%,99.0%,"12,529",34.1%,19.6%,14.3%,33.0%,"₹30,30,491",6.78,₹125.02,"1,64,379"
Bapuji Nagar,"92,474","91,323","61,954","45,629","45,317","23,693",98.8%,67.8%,73.6%,99.3%,"21,618",47.7%,31.9%,15.6%,25.6%,"₹30,05,466",6.76,₹126.85,"1,60,150"
Padarayanapura,"96,108","94,632","66,158","44,051","43,553","22,962",98.5%,69.9%,66.6%,98.9%,"20,582",47.3%,28.5%,18.5%,23.9%,"₹32,44,770",7.55,₹141.31,"1,73,361"
Kempapura Agrahara,"69,315","68,320","45,380","33,406","33,127","19,391",98.6%,66.4%,73.6%,99.2%,"13,732",41.5%,25.5%,15.8%,28.0%,"₹23,06,221",6.34,₹118.93,"1,22,980"
Devaraj Urs Nagar,"83,371","81,993","56,588","38,448","38,049","18,691",98.3%,69.0%,67.9%,99.0%,"19,354",50.9%,32.4%,18.3%,22.4%,"₹24,97,278",7.09,₹133.61,"1,32,537"
Devara Jeevanahalli,"58,368","56,972","43,686","22,707","22,605","9,728",97.6%,76.7%,52.0%,99.6%,"12,873",56.9%,41.6%,15.2%,16.7%,"₹13,50,728",7.39,₹138.85,"71,891"
