ward,searches,searches_with_estimate,searches_for_quotes,searches_with_quotes,bookings,completed_trips,search_to_estimate_rate,rider_fare_acceptance_rate,driver_quote_acceptance_rate,quote_to_booking_rate,cancelled_bookings,booking_cancellation_rate,driver_cancellation_rate,user_cancellation_rate,conversion_rate,driver_earnings,avg_distance,avg_fare,distance_travelled_km,earnings_per_km,supply_gap,revenue_leakage,reliability_score
Other Wards,13321104.0,12450998.0,8424655.0,4346977.0,4298457.0,2698430.0,0.935,0.677,0.516,0.9890000000000001,1599378.0,0.37200000000000005,0.209,0.162,0.203,636687126.0,12.92,235.95,34865339.0,18.26132039043131,8974127.0,-623373454.5,0.408156
Shantala Nagar,9166472.0,8835131.0,7860258.0,3171701.0,3134687.0,1809685.0,0.9640000000000001,0.89,0.40399999999999997,0.988,1324423.0,0.423,0.252,0.16899999999999998,0.19699999999999998,277440298.0,7.71,153.31,13950904.0,19.886904676571497,5994771.0,-268276335.35000002,0.30219199999999996
Doddakanahalli,6390886.0,6159774.0,5327466.0,2172867.0,2151225.0,1282160.0,0.9640000000000001,0.865,0.408,0.99,868646.0,0.40399999999999997,0.245,0.157,0.201,228195737.0,9.46,177.98,12124625.0,18.820849057187335,4218019.0,-221807950.79999998,0.30804
Koramangala,4087055.0,3963127.0,3441498.0,1814445.0,1788967.0,1175624.0,0.97,0.868,0.527,0.986,612975.0,0.34299999999999997,0.18899999999999997,0.152,0.28800000000000003,162574064.0,7.04,138.29,8275384.0,19.645500921769916,2272610.0,-158489987.95999998,0.427397
Agara,3970160.0,3833952.0,3285044.0,1768187.0,1744502.0,1170935.0,0.966,0.857,0.5379999999999999,0.987,573291.0,0.32899999999999996,0.18,0.147,0.295,164403114.0,7.27,140.4,8510243.0,19.318263180029053,2201973.0,-160429114.0,0.44116
Adugodi,4051943.0,3922611.0,3377119.0,1749716.0,1721864.0,1059328.0,0.968,0.861,0.518,0.9840000000000001,662039.0,0.384,0.21899999999999997,0.16399999999999998,0.261,153690637.0,7.32,145.08,7759271.0,19.807355227056767,2302227.0,-149635363.24,0.40455800000000003
Vasanth Nagar,3860631.0,3757961.0,3178312.0,1625006.0,1606009.0,1030663.0,0.973,0.846,0.511,0.988,575068.0,0.358,0.20800000000000002,0.149,0.267,145029710.0,7.38,140.71,7607003.0,19.065288918645095,2235625.0,-141163959.73000002,0.404712
Suddagunte Palya,4313262.0,4168076.0,3620980.0,1712704.0,1688750.0,958141.0,0.966,0.8690000000000001,0.473,0.986,730309.0,0.43200000000000005,0.243,0.188,0.222,132603737.0,7.22,138.4,6919926.0,19.162594657804146,2600558.0,-128293452.4,0.35806099999999996
Bellanduru,4797182.0,4597193.0,4063024.0,1594060.0,1576791.0,942577.0,0.958,0.884,0.392,0.9890000000000001,633937.0,0.402,0.25,0.151,0.196,170632768.0,9.73,181.03,9172276.0,18.603100037547932,3203122.0,-165837532.31,0.29400000000000004
Hoysala Nagar,2837669.0,2765691.0,2314862.0,1306822.0,1293276.0,891399.0,0.975,0.8370000000000001,0.565,0.99,401655.0,0.311,0.17600000000000002,0.133,0.314,112651152.0,6.3,126.38,5616724.0,20.056380196000372,1530847.0,-109817336.61999999,0.4655599999999999
HRBR Layout,2252400.0,2217840.0,1816543.0,1249405.0,1237384.0,885386.0,0.985,0.8190000000000001,0.688,0.99,351823.0,0.284,0.162,0.121,0.39299999999999996,110585029.0,6.37,124.9,5641368.0,19.602519991604872,1002995.0,-108332311.4,0.576544
Old Thippasandra,2454200.0,2394328.0,2076771.0,1204925.0,1191626.0,805453.0,0.976,0.867,0.58,0.9890000000000001,385942.0,0.324,0.184,0.138,0.32799999999999996,109109751.0,6.77,135.46,5456253.0,19.997194228346817,1249275.0,-106652463.38000001,0.47328
Domlur,2680093.0,2602961.0,2273687.0,1198406.0,1184986.0,798177.0,0.971,0.8740000000000001,0.527,0.9890000000000001,386582.0,0.326,0.184,0.141,0.298,112728566.0,7.07,141.23,5640829.0,19.984396974274524,1481687.0,-110046444.71,0.430032
Jakkuru,2717640.0,2662311.0,2088307.0,1243620.0,1228657.0,786577.0,0.98,0.784,0.596,0.988,441895.0,0.36,0.22,0.139,0.289,133830243.0,9.26,170.14,7287594.0,18.364118939666508,1474020.0,-131110570.77999999,0.46488
Byrasandra,2317805.0,2271229.0,1815154.0,1121214.0,1108822.0,762917.0,0.98,0.799,0.618,0.9890000000000001,345760.0,0.312,0.172,0.139,0.32899999999999996,93027016.0,6.3,121.94,4806494.0,19.354443384304652,1196591.0,-90712293.98,0.511704
Whitefield,3581819.0,3476280.0,2912674.0,1246483.0,1235636.0,750762.0,0.971,0.838,0.428,0.991,484691.0,0.392,0.243,0.14800000000000002,0.21,126253042.0,8.37,168.17,6281977.0,20.097660656828257,2335336.0,-122673826.53999999,0.323996
Marathahalli,4312403.0,4157855.0,3575491.0,1362784.0,1348431.0,741858.0,0.9640000000000001,0.86,0.381,0.9890000000000001,606330.0,0.45,0.275,0.17300000000000001,0.172,137336189.0,9.77,185.12,7244396.0,18.957576173362142,2949619.0,-133020349.96000001,0.276225
Sampangiram Nagar,3711112.0,3598456.0,3054167.0,1391688.0,1377921.0,737639.0,0.97,0.8490000000000001,0.456,0.99,640089.0,0.465,0.289,0.174,0.19899999999999998,112103849.0,8.03,151.98,5921591.0,18.931373173189435,2319424.0,-108395263.22,0.32421600000000006
Gandhinagar,2397263.0,2360067.0,1608129.0,1111887.0,1099282.0,691779.0,0.9840000000000001,0.6809999999999999,0.691,0.9890000000000001,407363.0,0.371,0.21100000000000002,0.159,0.289,110608841.0,8.56,159.89,5921636.0,18.67876394293739,1285376.0,-108211281.30999999,0.5451989999999999
Aramane Nagara,2080928.0,2043970.0,1590437.0,1040535.0,1025952.0,676200.0,0.982,0.778,0.654,0.986,349608.0,0.341,0.192,0.147,0.325,94832315.0,7.47,140.24,5048876.0,18.78285681803237,1040393.0,-92749360.0,0.528432
Horamavu,2270003.0,2222867.0,1778965.0,999755.0,989216.0,661673.0,0.9790000000000001,0.8,0.562,0.9890000000000001,327429.0,0.331,0.207,0.12300000000000001,0.29100000000000004,103909069.0,8.0,157.04,5295550.0,19.621959758665295,1270248.0,-101639124.92,0.44566600000000006
Hudi,2799945.0,2722382.0,2265746.0,1052046.0,1043373.0,636382.0,0.972,0.8320000000000001,0.46399999999999997,0.992,406810.0,0.39,0.249,0.14,0.22699999999999998,108687313.0,9.04,170.79,5750256.0,18.901299872562195,1747899.0,-105887736.78,0.348464
Kempapura,1927693.0,1892403.0,1460054.0,938189.0,926797.0,615068.0,0.982,0.772,0.643,0.988,311601.0,0.336,0.20199999999999999,0.133,0.319,94675017.0,8.32,153.93,5119783.0,18.491998000696515,989504.0,-92749724.24000001,0.5131140000000001
Jeevanbhima Nagar,2431231.0,2353269.0,2066690.0,993455.0,981083.0,604037.0,0.968,0.878,0.48100000000000004,0.988,376853.0,0.384,0.23199999999999998,0.151,0.248,94221894.0,8.13,155.99,4913807.0,19.174927708800936,1437776.0,-91792500.63000001,0.369408
J P Nagar,1876723.0,1840665.0,1476021.0,932871.0,921471.0,604022.0,0.981,0.802,0.632,0.988,317280.0,0.344,0.196,0.147,0.322,78581404.0,6.75,130.1,4075270.0,19.28250250903621,943852.0,-76706539.2,0.508128
Munnekollala,3736249.0,3587050.0,3130532.0,1096891.0,1085170.0,603995.0,0.96,0.873,0.35,0.9890000000000001,481005.0,0.44299999999999995,0.27899999999999997,0.163,0.162,112404934.0,9.91,186.1,5987411.0,18.773545694457923,2639358.0,-108667220.5,0.25235
Vinayakanagar,1942627.0,1898285.0,1552305.0,950334.0,939732.0,601798.0,0.977,0.818,0.612,0.9890000000000001,337780.0,0.359,0.209,0.15,0.31,84221413.0,7.31,139.95,4399117.0,19.145072295190147,992293.0,-82279003.1,0.484092
Banasavadi,1783495.0,1747141.0,1428486.0,861310.0,852169.0,592387.0,0.98,0.818,0.603,0.9890000000000001,259635.0,0.305,0.182,0.122,0.332,79600371.0,7.0,134.37,4148268.0,19.188820731929567,922185.0,-77815546.19,0.493254
Belathur,2298989.0,2249254.0,1745018.0,924663.0,916970.0,586296.0,0.978,0.7759999999999999,0.53,0.992,330531.0,0.36,0.223,0.13699999999999998,0.255,95418365.0,8.68,162.75,5090680.0,18.743736593146693,1374326.0,-93120685.0,0.41181
Pulikeshinagar,1803653.0,1767092.0,1473312.0,870244.0,862760.0,582854.0,0.98,0.8340000000000001,0.591,0.991,279769.0,0.324,0.187,0.136,0.32299999999999995,69172304.0,5.93,118.68,3456774.0,20.010652706830125,933409.0,-67369459.72,0.48048299999999994
Kalkere,2323573.0,2265018.0,1874102.0,874288.0,867314.0,580141.0,0.975,0.8270000000000001,0.467,0.992,287042.0,0.331,0.217,0.113,0.25,92679025.0,8.57,159.75,4972746.0,18.637393705610542,1449285.0,-90353951.75,0.365661
New Thippasandra,1952956.0,1897448.0,1614296.0,862152.0,853452.0,574914.0,0.972,0.851,0.534,0.99,278397.0,0.326,0.191,0.134,0.294,82950527.0,7.5,144.28,4314578.0,19.225640839034547,1090804.0,-80995635.92,0.432006
Madivala,2362327.0,2291450.0,1931415.0,970118.0,957186.0,574391.0,0.97,0.843,0.502,0.987,382637.0,0.4,0.22699999999999998,0.172,0.243,76377884.0,6.87,132.97,3948366.0,19.344175286688216,1392209.0,-74014444.27,0.388046
Hennur,1829151.0,1796252.0,1393827.0,867634.0,858950.0,561781.0,0.982,0.7759999999999999,0.622,0.99,297041.0,0.34600000000000003,0.20600000000000002,0.139,0.307,79034284.0,7.46,140.69,4190789.0,18.85904635141497,961517.0,-77207817.89,0.49386800000000003
Ejipura,2067727.0,2010716.0,1731865.0,915285.0,905525.0,552794.0,0.972,0.861,0.528,0.9890000000000001,352558.0,0.389,0.23,0.158,0.267,74228279.0,6.87,134.28,3799516.0,19.53624593237665,1152442.0,-72161451.32000001,0.40656000000000003
Ulsoor,2313107.0,2237264.0,1968590.0,900652.0,892127.0,547318.0,0.9670000000000001,0.88,0.45799999999999996,0.991,344669.0,0.386,0.231,0.154,0.237,78552037.0,7.37,143.52,4033865.0,19.47314473835887,1412455.0,-76237972.36,0.35220199999999996
Shakambari Nagar,1512804.0,1488425.0,1132715.0,765504.0,755828.0,523163.0,0.9840000000000001,0.7609999999999999,0.6759999999999999,0.987,232539.0,0.308,0.171,0.136,0.34600000000000003,63183406.0,6.24,120.77,3265305.0,19.34992473903663,747300.0,-61669591.51,0.5604039999999999
Mahadevapura,2141144.0,2074051.0,1721831.0,817423.0,810635.0,509685.0,0.9690000000000001,0.83,0.475,0.992,300834.0,0.371,0.233,0.13699999999999998,0.23800000000000002,79449504.0,8.16,155.88,4159962.0,19.098612920021864,1323721.0,-77308553.8,0.364325
Dodda Nekkundi,2293313.0,2216922.0,1850163.0,839254.0,831191.0,509073.0,0.9670000000000001,0.835,0.45399999999999996,0.99,321989.0,0.387,0.237,0.149,0.222,86798173.0,9.05,170.5,4607582.0,18.83811791086952,1454059.0,-84503633.5,0.346402
AECS Layout,2646616.0,2558970.0,2170545.0,854828.0,846994.0,507543.0,0.9670000000000001,0.848,0.39399999999999996,0.991,339311.0,0.401,0.24600000000000002,0.153,0.192,85243888.0,8.75,167.95,4440657.0,19.19623335015517,1791788.0,-82595230.85,0.29707599999999995
C V Raman Nagar,1928011.0,1868870.0,1546951.0,794479.0,787523.0,501795.0,0.9690000000000001,0.828,0.514,0.991,285612.0,0.363,0.22699999999999998,0.135,0.26,71154078.0,7.4,141.8,3712351.0,19.166850871590537,1133532.0,-69226520.0,0.397322
Byatarayanapura,1438822.0,1416241.0,1073107.0,744770.0,736713.0,494276.0,0.9840000000000001,0.758,0.6940000000000001,0.9890000000000001,242341.0,0.32899999999999996,0.2,0.128,0.344,80504988.0,8.78,162.87,4338923.0,18.55414073953375,694052.0,-79063910.12,0.5552
HSR - Singasandra,2066364.0,1996309.0,1637259.0,831627.0,820728.0,484200.0,0.966,0.82,0.508,0.987,336397.0,0.41,0.24100000000000002,0.168,0.23399999999999999,72534757.0,7.93,149.8,3839900.0,18.889751556030106,1234737.0,-70466796.0,0.385572
Babusab Palya,1749339.0,1706669.0,1415214.0,747593.0,740186.0,483519.0,0.976,0.8290000000000001,0.528,0.99,256556.0,0.34700000000000003,0.21899999999999997,0.127,0.276,67515528.0,7.3,139.63,3528767.0,19.132894861009525,1001746.0,-65764418.97,0.412368
Subramanyapura,1346337.0,1324664.0,1012994.0,672845.0,664479.0,463762.0,0.9840000000000001,0.765,0.664,0.988,200620.0,0.302,0.196,0.10400000000000001,0.344,66277005.0,7.78,142.91,3605988.0,18.37970758638132,673492.0,-64929890.42,0.5338560000000001
Vishveshwara Puram,1510651.0,1483489.0,1123105.0,716788.0,708986.0,462591.0,0.982,0.757,0.638,0.9890000000000001,246286.0,0.34700000000000003,0.193,0.153,0.306,56951334.0,6.41,123.11,2966145.0,19.200455136212152,793863.0,-55438927.01,0.5148659999999999
Jnana Bharathi,1190448.0,1179016.0,823875.0,664921.0,657130.0,461803.0,0.99,0.6990000000000001,0.807,0.988,195221.0,0.297,0.17300000000000001,0.12300000000000001,0.38799999999999996,60898965.0,7.14,131.87,3298342.0,18.463508332368203,525527.0,-59707513.61,0.667389
Jogupalya,1421557.0,1384528.0,1193722.0,664849.0,658013.0,446399.0,0.9740000000000001,0.862,0.557,0.99,211500.0,0.321,0.18899999999999997,0.131,0.314,57166416.0,6.5,128.06,2900790.0,19.7071887313456,756708.0,-55744298.94,0.45172700000000005
Kalena Agrahara,1728086.0,1677084.0,1355897.0,667686.0,660210.0,434450.0,0.97,0.8079999999999999,0.49200000000000005,0.9890000000000001,225663.0,0.342,0.21100000000000002,0.129,0.251,76516264.0,9.62,176.12,4180221.0,18.30435854946425,1060400.0,-74787248.0,0.388188
Sarakki,1213845.0,1195804.0,937580.0,650967.0,642477.0,429959.0,0.985,0.784,0.6940000000000001,0.987,212406.0,0.331,0.184,0.146,0.354,52332559.0,6.22,121.72,2676399.0,19.553347240078928,562878.0,-51120764.48,0.5663040000000001
Kogilu,1287073.0,1267551.0,857378.0,641872.0,632106.0,429336.0,0.985,0.6759999999999999,0.7490000000000001,0.985,202688.0,0.321,0.188,0.132,0.33399999999999996,83130161.0,10.93,193.62,4693089.0,17.713314407632158,645201.0,-81840963.32000001,0.6081880000000002
Rajarajeshwari Nagar,1059829.0,1049359.0,729049.0,596507.0,588286.0,423819.0,0.99,0.695,0.818,0.986,164380.0,0.27899999999999997,0.171,0.10800000000000001,0.4,61240478.0,7.96,144.5,3372060.0,18.161147191924226,463322.0,-60182016.5,0.6781219999999999
Hemmigepura,1294946.0,1273808.0,857160.0,624772.0,617879.0,422962.0,0.9840000000000001,0.6729999999999999,0.7290000000000001,0.9890000000000001,194828.0,0.315,0.18899999999999997,0.125,0.327,62072690.0,8.01,146.76,3389811.0,18.311548932964108,670174.0,-60778957.12,0.5912190000000002
A Narayanapura,1827096.0,1781266.0,1372600.0,712141.0,705809.0,422764.0,0.975,0.7709999999999999,0.519,0.991,282937.0,0.401,0.256,0.14400000000000002,0.231,66763869.0,7.85,157.92,3317922.0,20.122193650121975,1114955.0,-64935794.879999995,0.38613600000000003
Hulimavu,1481131.0,1447477.0,1150558.0,649682.0,642056.0,419976.0,0.977,0.795,0.565,0.988,221969.0,0.34600000000000003,0.198,0.147,0.284,60982452.0,7.71,145.2,3238512.0,18.830392476544784,831449.0,-59499384.199999996,0.45313
BTM Layout,1908793.0,1846577.0,1523628.0,710554.0,701448.0,413100.0,0.9670000000000001,0.825,0.466,0.987,288247.0,0.41100000000000003,0.243,0.16699999999999998,0.21600000000000003,57253428.0,7.21,138.59,2978400.0,19.22288074133763,1198239.0,-55342736.0,0.352762
Ibluru,1685255.0,1620397.0,1400389.0,653507.0,645676.0,409515.0,0.9620000000000001,0.8640000000000001,0.467,0.988,236060.0,0.366,0.21,0.154,0.243,64323136.0,8.29,157.07,3395168.0,18.94549430249107,1031748.0,-62637266.05,0.36893000000000004
Lingarajapura,1126374.0,1103293.0,931842.0,592475.0,587092.0,405997.0,0.98,0.845,0.636,0.991,181020.0,0.308,0.187,0.12,0.36,50467325.0,6.34,124.3,2572254.0,19.61988396169274,533899.0,-49339053.1,0.517068
Subhash Nagar,1388080.0,1369757.0,922363.0,651764.0,644056.0,404054.0,0.987,0.6729999999999999,0.7070000000000001,0.988,239933.0,0.373,0.212,0.159,0.29100000000000004,67726038.0,8.88,167.62,3588231.0,18.87449219406443,736316.0,-66339451.480000004,0.5571160000000001
N S Palya,1489650.0,1446804.0,1190829.0,625170.0,616975.0,400978.0,0.971,0.823,0.525,0.987,215898.0,0.35,0.19699999999999998,0.151,0.26899999999999996,55589370.0,7.27,138.63,2914351.0,19.074356520542654,864480.0,-54097930.14,0.42157500000000003
Rupenaagrahara,1662213.0,1611118.0,1323862.0,650352.0,642279.0,393304.0,0.9690000000000001,0.8220000000000001,0.491,0.988,248866.0,0.387,0.226,0.16,0.237,63074969.0,8.56,160.37,3365320.0,18.742636361475284,1011861.0,-61411949.480000004,0.380034
Kadu Malleshwara,927635.0,916801.0,701419.0,538224.0,532000.0,389005.0,0.988,0.765,0.767,0.988,142929.0,0.26899999999999996,0.147,0.12,0.419,51519931.0,7.11,132.44,2765004.0,18.63285948230093,389411.0,-50592187.199999996,0.654251
Amrutahalli,1190336.0,1165970.0,895941.0,582625.0,576629.0,383694.0,0.98,0.768,0.65,0.99,192854.0,0.33399999999999996,0.20600000000000002,0.127,0.322,61092514.0,8.65,159.22,3320240.0,18.400029515938606,607711.0,-59901422.68,0.5161
Konena Agrahara,1442790.0,1397576.0,1204922.0,588675.0,583352.0,379032.0,0.9690000000000001,0.862,0.489,0.991,204227.0,0.35,0.209,0.14,0.263,58246194.0,8.1,153.67,3069334.0,18.976818423801387,854115.0,-56803057.44,0.386799
Konanakunte,1100819.0,1085945.0,800787.0,577745.0,570209.0,376977.0,0.986,0.737,0.721,0.987,193159.0,0.33899999999999997,0.20199999999999999,0.135,0.342,49258153.0,6.84,130.67,2577577.0,19.110254708200763,523074.0,-48158765.589999996,0.575358
Lal Bahadur Nagar,1234601.0,1206640.0,936788.0,554125.0,548761.0,374615.0,0.977,0.7759999999999999,0.5920000000000001,0.99,174056.0,0.317,0.19699999999999998,0.11900000000000001,0.303,52574741.0,7.33,140.34,2746164.0,19.144792881998306,680476.0,-51338868.1,0.4753760000000001
Sunkenahalli,984146.0,969794.0,748652.0,535264.0,528788.0,371751.0,0.985,0.772,0.715,0.988,156981.0,0.297,0.162,0.134,0.37799999999999995,45516109.0,6.45,122.44,2399363.0,18.970080392170754,448882.0,-44533046.44,0.59917
Jalakanteshwara Nagara,1366037.0,1321587.0,1137539.0,519747.0,515983.0,356666.0,0.9670000000000001,0.861,0.457,0.993,159244.0,0.309,0.19,0.11800000000000001,0.261,52740705.0,7.72,147.87,2752560.0,19.160601403784113,846290.0,-51374164.42,0.37017000000000005
Radhakrishna Temple Ward,882889.0,871129.0,677807.0,506176.0,498856.0,352356.0,0.987,0.778,0.747,0.986,146414.0,0.293,0.168,0.124,0.39899999999999997,48997485.0,7.4,139.06,2608434.0,18.784253310607053,376713.0,-48115736.36,0.621504
Devasandra,1275182.0,1245448.0,1023191.0,577454.0,571946.0,351886.0,0.977,0.8220000000000001,0.564,0.99,219977.0,0.385,0.23199999999999998,0.151,0.276,58042913.0,8.55,164.95,3008064.0,19.29577063519925,697728.0,-56768413.699999996,0.433152
Maruthi Seva Nagar,1058064.0,1036132.0,851693.0,522549.0,518313.0,342723.0,0.9790000000000001,0.8220000000000001,0.614,0.992,175508.0,0.33899999999999997,0.203,0.135,0.324,46287821.0,7.05,135.06,2414658.0,19.169514274899385,535515.0,-45230104.38,0.48935799999999996
Nagapura,851478.0,843950.0,581810.0,479923.0,473734.0,330530.0,0.991,0.6890000000000001,0.825,0.987,143151.0,0.302,0.158,0.14300000000000002,0.38799999999999996,42780538.0,6.88,129.43,2273032.0,18.82091321195654,371555.0,-41929019.900000006,0.69465
Sanjaya Nagar,936313.0,922308.0,698856.0,478409.0,472474.0,329551.0,0.985,0.758,0.685,0.988,142843.0,0.302,0.182,0.11900000000000001,0.35200000000000004,47293661.0,7.74,143.51,2550285.0,18.544461109248573,457904.0,-46357551.01,0.5603300000000001
Kacharkanahalli,957319.0,941810.0,754942.0,478860.0,475010.0,318121.0,0.9840000000000001,0.802,0.634,0.992,156808.0,0.33,0.198,0.131,0.332,40183883.0,6.56,126.32,2088006.0,19.245099391476845,478459.0,-39227725.72,0.508468
Subramanya Nagar,879337.0,869985.0,648346.0,498510.0,491952.0,318004.0,0.9890000000000001,0.745,0.769,0.987,173872.0,0.353,0.19899999999999998,0.153,0.36200000000000004,46137695.0,7.63,145.09,2426055.0,19.017579980668206,380827.0,-45259863.36,0.6159690000000001
Ramamurthy Nagara,1063222.0,1039383.0,831552.0,449505.0,446319.0,305603.0,0.978,0.8,0.541,0.993,140659.0,0.315,0.19699999999999998,0.11699999999999999,0.287,42687980.0,7.35,139.68,2246687.0,19.000412607541683,613717.0,-41623405.04,0.43442300000000006
Hombegowda Nagara,1095994.0,1065600.0,870625.0,468157.0,463286.0,304245.0,0.972,0.8170000000000001,0.5379999999999999,0.99,158985.0,0.34299999999999997,0.195,0.146,0.278,39120447.0,6.73,128.58,2047480.0,19.106632055013968,627837.0,-38023828.1,0.4330899999999999
Hebbala,924821.0,909717.0,710372.0,451077.0,446518.0,299204.0,0.9840000000000001,0.7809999999999999,0.635,0.99,147256.0,0.33,0.201,0.128,0.324,43118897.0,7.8,144.11,2332555.0,18.485693584931546,473744.0,-42193467.440000005,0.507365
Ashoka Pillar,950605.0,929518.0,748588.0,446247.0,441543.0,297147.0,0.978,0.805,0.596,0.9890000000000001,144327.0,0.327,0.193,0.133,0.313,36438726.0,6.35,122.63,1885995.0,19.320690669911638,504358.0,-35488531.61,0.48097199999999996
Ganga Nagar,822981.0,811229.0,631459.0,432595.0,427960.0,296159.0,0.986,0.778,0.685,0.9890000000000001,131726.0,0.308,0.182,0.125,0.36,38797880.0,6.94,131.0,2056583.0,18.86521477616026,390386.0,-37973848.0,0.5603300000000001
Ganesh Mandir ward,729119.0,720823.0,551167.0,417571.0,412825.0,296075.0,0.9890000000000001,0.765,0.758,0.9890000000000001,116696.0,0.28300000000000003,0.158,0.12300000000000001,0.406,34669144.0,6.13,117.1,1814630.0,19.105351504163384,311548.0,-33941263.5,0.638236
Arakere,1026907.0,1000203.0,799818.0,444181.0,439331.0,294380.0,0.9740000000000001,0.8,0.555,0.9890000000000001,144893.0,0.33,0.195,0.133,0.287,43543139.0,7.91,147.91,2329188.0,18.694557502442912,582726.0,-42514838.8,0.446775
Dharmaraya Swamy Temple Ward,1411025.0,1369771.0,1118580.0,568576.0,563137.0,291783.0,0.971,0.8170000000000001,0.508,0.99,271256.0,0.48200000000000004,0.292,0.188,0.207,44412294.0,8.3,152.21,2422893.0,18.330274593223887,842449.0,-43001265.43,0.359664
Bilekhalli,1154792.0,1118875.0,931951.0,460193.0,455139.0,290549.0,0.9690000000000001,0.833,0.494,0.9890000000000001,164509.0,0.361,0.215,0.145,0.252,43018747.0,7.82,148.06,2272381.0,18.93113302742806,694599.0,-41863892.94,0.38779
Chatrapati Shivaji,1092586.0,1076932.0,701921.0,482712.0,476100.0,287489.0,0.986,0.652,0.688,0.986,188551.0,0.396,0.24,0.155,0.263,51603699.0,9.79,179.5,2813271.0,18.342953451693777,609874.0,-50511689.5,0.52288
Vijnana Nagar,1164948.0,1125915.0,960669.0,421242.0,418150.0,286611.0,0.966,0.853,0.43799999999999994,0.993,131481.0,0.314,0.19699999999999998,0.11699999999999999,0.24600000000000002,45538223.0,8.44,158.89,2418901.0,18.825997012692955,743706.0,-44374673.79,0.35171399999999997
Veeramadakari,886345.0,871849.0,625652.0,422337.0,417332.0,281952.0,0.9840000000000001,0.718,0.675,0.988,135304.0,0.324,0.18899999999999997,0.134,0.318,39092506.0,7.49,138.65,2112765.0,18.50300719673035,464008.0,-38206299.800000004,0.547425
Yediyur,814811.0,798794.0,636431.0,414247.0,409396.0,280735.0,0.98,0.797,0.6509999999999999,0.988,128588.0,0.314,0.18,0.133,0.345,34811464.0,6.46,124.0,1813189.0,19.19902668723448,400564.0,-33996329.0,0.53382
Varthuru,1914421.0,1833345.0,1575299.0,468660.0,465084.0,278920.0,0.958,0.8590000000000001,0.298,0.992,186099.0,0.4,0.256,0.14300000000000002,0.146,61185884.0,11.96,219.37,3337238.0,18.334288414551196,1445761.0,-59272259.4,0.221712
New Bayappanahalli,1020922.0,992218.0,836877.0,441347.0,437364.0,277827.0,0.972,0.843,0.527,0.991,159454.0,0.365,0.22399999999999998,0.14,0.272,37025916.0,6.92,133.27,1922443.0,19.25982512875544,579575.0,-36005082.29000001,0.40895200000000004
Kodigehalli,774764.0,761773.0,581446.0,401808.0,397254.0,276262.0,0.983,0.763,0.691,0.9890000000000001,120928.0,0.304,0.19,0.113,0.35700000000000004,40303037.0,7.9,145.89,2182011.0,18.470592953014442,372956.0,-39529099.18,0.55971
Basavanagudi,702634.0,693563.0,527888.0,386988.0,381695.0,275580.0,0.987,0.7609999999999999,0.733,0.986,106063.0,0.278,0.154,0.12300000000000001,0.392,32508444.0,6.19,117.96,1705444.0,19.061572235734506,315646.0,-31804782.799999997,0.620118
Kaval Bairasandra,861125.0,843902.0,677625.0,405130.0,400709.0,273658.0,0.98,0.8029999999999999,0.598,0.9890000000000001,127000.0,0.317,0.19,0.126,0.318,36798324.0,7.12,134.47,1949311.0,18.877605471882116,455995.0,-35937666.26,0.48438000000000003
Vidyaranyapura,636842.0,630122.0,449799.0,360801.0,356952.0,272228.0,0.9890000000000001,0.7140000000000001,0.802,0.9890000000000001,84666.0,0.237,0.142,0.095,0.42700000000000005,41509634.0,8.43,152.48,2296130.0,18.078085300048343,276041.0,-40872483.44,0.6881160000000001
Vasanthpura,756998.0,746921.0,547428.0,395492.0,391532.0,271980.0,0.987,0.733,0.722,0.99,119509.0,0.305,0.187,0.11699999999999999,0.359,35931882.0,7.04,132.11,1914195.0,18.77127565373434,361506.0,-35174279.800000004,0.5869859999999999
Shanthi Nagar,1114395.0,1077155.0,933187.0,431616.0,426787.0,269111.0,0.9670000000000001,0.866,0.46299999999999997,0.9890000000000001,157609.0,0.369,0.212,0.156,0.24100000000000002,33288431.0,6.38,123.7,1717868.0,19.37775836094508,682779.0,-32174635.7,0.364844
Hagadur,1189469.0,1158214.0,940935.0,434572.0,430997.0,268270.0,0.9740000000000001,0.812,0.462,0.992,162665.0,0.377,0.23199999999999998,0.145,0.226,45604538.0,9.05,169.99,2426945.0,18.79092356851927,754897.0,-44413748.300000004,0.354816
RBI layout,852210.0,831877.0,679881.0,403528.0,399368.0,268083.0,0.976,0.8170000000000001,0.594,0.99,131231.0,0.32899999999999996,0.198,0.129,0.315,38269461.0,7.55,142.75,2024908.0,18.899357896753827,448682.0,-37416638.25,0.476388
K R Puram,1126436.0,1099901.0,831177.0,424394.0,421533.0,262753.0,0.976,0.7559999999999999,0.511,0.993,158725.0,0.377,0.24,0.135,0.233,40540031.0,8.28,154.29,2174978.0,18.639283247922506,702042.0,-39413724.37,0.38836000000000004
Kempegowda Ward,949818.0,927674.0,656514.0,406432.0,402387.0,259007.0,0.977,0.708,0.619,0.99,143321.0,0.35600000000000004,0.205,0.15,0.273,47326271.0,10.27,182.72,2661191.0,17.783868576137525,543386.0,-46375941.04,0.492105
Jayamahal,962621.0,944107.0,738309.0,422367.0,419116.0,255718.0,0.981,0.782,0.5720000000000001,0.992,163354.0,0.39,0.24100000000000002,0.147,0.266,36712344.0,7.4,143.57,1892145.0,19.40250033691921,540254.0,-35750812.26,0.43414800000000003
Jayachamarajendra Nagar,740071.0,727580.0,575252.0,371267.0,367620.0,255396.0,0.983,0.7909999999999999,0.645,0.99,112160.0,0.305,0.17800000000000002,0.126,0.345,33711233.0,6.99,131.0,1785936.0,18.875946842440044,368804.0,-32716805.0,0.5301899999999999
Thanisandra,715597.0,705920.0,511787.0,370256.0,365823.0,249343.0,0.986,0.725,0.723,0.988,116416.0,0.318,0.18899999999999997,0.128,0.348,39971802.0,8.72,160.31,2173179.0,18.393239581277015,345341.0,-39256579.33,0.586353
Chunchaghatta,784946.0,768689.0,593788.0,357597.0,353998.0,248206.0,0.9790000000000001,0.772,0.602,0.99,105740.0,0.299,0.18100000000000002,0.11699999999999999,0.316,35935303.0,7.29,144.78,1809410.0,19.86023234092881,427349.0,-35150318.68,0.493038
Medahalli,959511.0,936744.0,740682.0,373379.0,370839.0,245791.0,0.976,0.7909999999999999,0.504,0.993,125001.0,0.337,0.214,0.122,0.256,41320971.0,9.2,168.11,2261094.0,18.274769204641647,586132.0,-40360414.010000005,0.396144
Ramaswamy Palya,745195.0,727496.0,610302.0,355125.0,351989.0,242884.0,0.976,0.8390000000000001,0.5820000000000001,0.991,109046.0,0.31,0.184,0.124,0.326,29414376.0,6.2,121.1,1505775.0,19.534376649897894,390070.0,-28668057.4,0.4749120000000001
Girinagar,562542.0,557743.0,400640.0,328710.0,324966.0,242516.0,0.991,0.718,0.82,0.9890000000000001,82412.0,0.254,0.145,0.107,0.431,29542403.0,6.52,121.82,1582153.0,18.672279482452076,233832.0,-28980757.119999997,0.7011
Malleswaram,648701.0,640246.0,472303.0,348266.0,344337.0,241506.0,0.987,0.738,0.737,0.9890000000000001,102776.0,0.298,0.16399999999999998,0.133,0.37200000000000005,30379001.0,6.67,125.79,1611363.0,18.852984088625593,300435.0,-29730338.740000002,0.616132
Puttenahalli - Sarakki Lake,732850.0,719208.0,566995.0,362415.0,358559.0,239591.0,0.981,0.7879999999999999,0.639,0.9890000000000001,118911.0,0.332,0.19,0.14,0.327,32030447.0,7.03,133.69,1685005.0,19.00911095219302,370435.0,-31298070.79,0.51759
Jakkasandra,1010652.0,983229.0,785547.0,404376.0,400081.0,239466.0,0.973,0.799,0.515,0.9890000000000001,160556.0,0.401,0.239,0.161,0.237,34957166.0,7.72,145.98,1849535.0,18.90051607566226,606276.0,-33946594.68,0.391915
Chamrajapet,802234.0,787982.0,593435.0,399882.0,395895.0,237541.0,0.982,0.753,0.674,0.99,158316.0,0.4,0.243,0.155,0.29600000000000004,31525560.0,7.14,132.72,1696418.0,18.58360380519424,402352.0,-30724207.52,0.5102180000000001
Yelahanka Satellite Town,625126.0,617655.0,423944.0,351129.0,347323.0,237048.0,0.988,0.6859999999999999,0.828,0.9890000000000001,110226.0,0.317,0.188,0.129,0.379,37069034.0,8.64,156.38,2048138.0,18.098894703384243,273997.0,-36444440.24,0.672336
Garudachar Playa,955643.0,928550.0,757709.0,391225.0,387316.0,234893.0,0.972,0.816,0.516,0.99,152341.0,0.39299999999999996,0.242,0.15,0.24600000000000002,37414555.0,8.24,159.28,1935573.0,19.329963271858,564418.0,-36458114.04,0.39112800000000003
Uttarahalli,700182.0,689265.0,527734.0,340605.0,336245.0,231743.0,0.9840000000000001,0.7659999999999999,0.645,0.987,104460.0,0.311,0.196,0.113,0.331,30835294.0,6.66,133.06,1543012.0,19.983832918992206,359577.0,-30135541.580000002,0.51858
Basavanapura,1009072.0,980619.0,773996.0,361106.0,358320.0,229756.0,0.972,0.789,0.467,0.992,128513.0,0.359,0.23199999999999998,0.125,0.228,40970435.0,9.74,178.32,2238460.0,18.302956050141614,647966.0,-39961017.92,0.35865600000000003
Begur,965009.0,936140.0,739541.0,364847.0,360882.0,229518.0,0.97,0.79,0.493,0.9890000000000001,131309.0,0.364,0.222,0.14,0.23800000000000002,39777036.0,9.52,173.31,2186125.0,18.195224884212934,600162.0,-38812755.58,0.383554
Padmanabha Nagar,590586.0,582835.0,444094.0,316675.0,312223.0,223560.0,0.987,0.762,0.713,0.986,88620.0,0.284,0.16699999999999998,0.11599999999999999,0.379,27392687.0,6.48,122.53,1447655.0,18.92210989496807,273911.0,-26802220.8,0.5939289999999999
Neelasandra,916930.0,887845.0,765679.0,359213.0,356158.0,222431.0,0.968,0.862,0.469,0.991,133672.0,0.375,0.22399999999999998,0.15,0.243,27750894.0,6.31,124.76,1402660.0,19.784476637246375,557717.0,-26833561.560000002,0.363944
Shettihalli,649655.0,639289.0,444616.0,330494.0,326526.0,221524.0,0.9840000000000001,0.695,0.743,0.988,104953.0,0.321,0.188,0.132,0.341,30291008.0,7.47,136.74,1655517.0,18.29700812495432,319161.0,-29641536.76,0.6033160000000001
Umamaheshwara Ward,602834.0,593965.0,449105.0,321079.0,317083.0,221015.0,0.985,0.7559999999999999,0.715,0.988,96018.0,0.303,0.17,0.132,0.36700000000000005,27360145.0,6.49,123.79,1434069.0,19.078681011862052,281755.0,-26756612.85,0.5934499999999999
Anjanapura,651956.0,639159.0,468752.0,319308.0,313929.0,219755.0,0.98,0.733,0.6809999999999999,0.983,94138.0,0.3,0.182,0.11699999999999999,0.337,33578370.0,8.4,152.8,1844984.0,18.199816366971206,332648.0,-32926608.0,0.5570579999999999
Dattatreya Temple,542083.0,534932.0,403567.0,303392.0,300159.0,211900.0,0.987,0.754,0.752,0.9890000000000001,88217.0,0.294,0.159,0.134,0.391,27258638.0,6.84,128.64,1449196.0,18.80949022768487,238691.0,-26716732.999999996,0.632432
Lakkasandra,954063.0,922793.0,782197.0,356470.0,353278.0,211579.0,0.9670000000000001,0.848,0.456,0.991,141616.0,0.401,0.247,0.153,0.222,28485389.0,7.11,134.63,1503657.0,18.944073681697354,597593.0,-27530817.77,0.343368
Vishwanath Nagenahalli,680571.0,666082.0,519117.0,302422.0,300057.0,201232.0,0.9790000000000001,0.779,0.583,0.992,98792.0,0.32899999999999996,0.201,0.127,0.29600000000000004,27953482.0,7.43,138.91,1494540.0,18.70373626667737,378149.0,-27272566.12,0.4658169999999999
Kanneshwara Rama,556821.0,549159.0,409333.0,292278.0,289394.0,200501.0,0.986,0.745,0.7140000000000001,0.99,88854.0,0.307,0.183,0.122,0.36,27082601.0,7.28,135.07,1459655.0,18.55411107419219,264543.0,-26524849.07,0.583338
Someshwara Ward,526405.0,519902.0,354828.0,289603.0,286450.0,198561.0,0.988,0.682,0.816,0.9890000000000001,87849.0,0.307,0.17600000000000002,0.129,0.377,34455653.0,9.72,173.53,1930298.0,17.849913847499195,236802.0,-33929885.33,0.6723839999999999
HAL Airport,861431.0,835503.0,687360.0,304719.0,302171.0,197513.0,0.97,0.823,0.44299999999999995,0.992,104613.0,0.34600000000000003,0.21899999999999997,0.126,0.22899999999999998,32083781.0,8.76,162.44,1729890.0,18.54671742133893,556712.0,-31222580.72,0.345983
Kuvempunagar,560897.0,552338.0,392807.0,286804.0,283457.0,197151.0,0.985,0.711,0.73,0.988,86257.0,0.304,0.185,0.11800000000000001,0.35100000000000003,30461002.0,8.61,154.51,1696871.0,17.951277380543363,274093.0,-29900904.009999998,0.59495
Sudham Nagara,836773.0,814219.0,666178.0,334267.0,330848.0,196592.0,0.973,0.818,0.502,0.99,134200.0,0.406,0.24600000000000002,0.158,0.235,28177923.0,7.65,143.33,1504206.0,18.732755353987418,502506.0,-27340758.360000003,0.378508
Katriguppe,490770.0,485194.0,359552.0,274602.0,270970.0,192541.0,0.9890000000000001,0.741,0.764,0.987,78389.0,0.289,0.172,0.11599999999999999,0.392,23240004.0,6.42,120.7,1235472.0,18.810627841019464,216168.0,-22748928.7,0.632592
Someshwara Nagar,837439.0,815487.0,651511.0,325425.0,322288.0,191552.0,0.9740000000000001,0.799,0.499,0.99,130694.0,0.406,0.253,0.151,0.22899999999999998,28027406.0,7.85,146.32,1502735.0,18.6509304701095,512014.0,-27190449.639999997,0.372753
Kumaraswamy Layout,523777.0,518633.0,378521.0,279208.0,276002.0,187559.0,0.99,0.73,0.738,0.9890000000000001,88397.0,0.32,0.171,0.14800000000000002,0.358,22769262.0,6.46,121.4,1211755.0,18.790318174878585,244569.0,-22245885.6,0.611802
Attiguppe,446058.0,442686.0,295520.0,254262.0,250366.0,185487.0,0.992,0.6679999999999999,0.86,0.985,64846.0,0.259,0.136,0.121,0.41600000000000004,23057777.0,6.65,124.31,1232992.0,18.700670401754433,191796.0,-22611830.97,0.74304
Mattikere,483968.0,478536.0,347158.0,266456.0,263306.0,184910.0,0.9890000000000001,0.725,0.768,0.988,78363.0,0.298,0.16399999999999998,0.133,0.382,23233874.0,6.67,125.65,1234201.0,18.82503255142396,217512.0,-22749973.5,0.6420480000000001
Dodda Bommasandra,539735.0,531648.0,388777.0,266999.0,264162.0,183279.0,0.985,0.731,0.687,0.9890000000000001,80842.0,0.306,0.18600000000000003,0.11900000000000001,0.34,26007868.0,7.77,141.9,1423608.0,18.268981348798263,272736.0,-25467555.1,0.559218
Manorayanapalya,612177.0,599782.0,465150.0,276567.0,273597.0,182824.0,0.98,0.7759999999999999,0.595,0.9890000000000001,90729.0,0.332,0.203,0.128,0.299,24952799.0,7.26,136.49,1327718.0,18.793749124437568,335610.0,-24341470.76,0.47421499999999994
Devarachikkanahalli,778878.0,753626.0,613362.0,287248.0,284142.0,182228.0,0.968,0.8140000000000001,0.46799999999999997,0.9890000000000001,101864.0,0.358,0.221,0.136,0.23399999999999999,28532896.0,8.42,156.58,1533685.0,18.604143614888326,491630.0,-27754382.240000002,0.364572
Okalipuram,534113.0,527254.0,400271.0,287968.0,285143.0,173340.0,0.987,0.759,0.7190000000000001,0.99,111775.0,0.392,0.222,0.16899999999999998,0.325,24876235.0,7.45,143.51,1290553.0,19.275639977591002,246145.0,-24341910.4,0.559382
Chamundi Nagara,531097.0,522505.0,402782.0,258108.0,255958.0,172512.0,0.9840000000000001,0.7709999999999999,0.6409999999999999,0.992,83414.0,0.326,0.2,0.124,0.325,21194238.0,6.38,122.86,1100203.0,19.263934019449138,272989.0,-20663727.32,0.5127999999999999
Gurappanapalya,745835.0,724901.0,577703.0,320350.0,316971.0,171584.0,0.972,0.797,0.555,0.9890000000000001,145339.0,0.45899999999999996,0.298,0.159,0.23,23507819.0,7.22,137.0,1239517.0,18.965305840904158,425485.0,-22761173.0,0.38961
Kudlu,830878.0,798728.0,676778.0,276291.0,273662.0,170103.0,0.961,0.847,0.408,0.99,103524.0,0.37799999999999995,0.22899999999999998,0.14800000000000002,0.205,29482666.0,9.34,173.32,1588157.0,18.5640752142263,554587.0,-28651373.959999997,0.314568
Chokkasandra,581285.0,570683.0,425239.0,285520.0,282053.0,169019.0,0.982,0.745,0.6709999999999999,0.988,112995.0,0.401,0.19,0.20800000000000002,0.29100000000000004,17943595.0,5.37,106.16,907609.0,19.770181873471948,295765.0,-17361772.04,0.5435099999999999
Rajamahal Guttahalli,451410.0,443821.0,343371.0,239798.0,237376.0,167266.0,0.983,0.774,0.698,0.99,70074.0,0.295,0.168,0.126,0.371,20616067.0,6.5,123.25,1086734.0,18.970665314603206,211612.0,-20164124.5,0.5807359999999999
Nalvadi Krishnaraja Wadior Park,406682.0,403728.0,259829.0,228316.0,224691.0,165020.0,0.993,0.644,0.879,0.9840000000000001,59639.0,0.265,0.15,0.115,0.406,24444666.0,8.32,148.13,1372358.0,17.81216417290532,178366.0,-24037730.599999998,0.74715
Bande Mutt,577684.0,570109.0,347517.0,252057.0,249016.0,163991.0,0.987,0.61,0.725,0.988,84986.0,0.341,0.19699999999999998,0.14300000000000002,0.284,23854867.0,7.98,145.46,1309401.0,18.218152422367172,325627.0,-23276446.860000003,0.582175
Sir M. Vishweshwaraiah,394853.0,391823.0,255369.0,222547.0,219533.0,160866.0,0.992,0.652,0.871,0.986,58633.0,0.267,0.159,0.107,0.40700000000000003,23391019.0,8.18,145.41,1315487.0,17.78126199650776,172306.0,-22996672.06,0.732511
Kushal Nagar,536064.0,525860.0,408763.0,247304.0,245529.0,160583.0,0.981,0.777,0.605,0.993,84916.0,0.34600000000000003,0.214,0.131,0.3,19986113.0,6.48,124.46,1040125.0,19.21510683812042,288760.0,-19450096.18,0.47553
Kammanahalli,529432.0,519696.0,412705.0,253068.0,251263.0,158577.0,0.982,0.794,0.613,0.993,92641.0,0.369,0.23399999999999999,0.134,0.3,20349030.0,6.75,128.32,1070301.0,19.01243668837084,276364.0,-19819168.64,0.469558
Hanumanth Nagar,406016.0,401772.0,285808.0,222373.0,219471.0,158265.0,0.99,0.711,0.778,0.987,61173.0,0.27899999999999997,0.154,0.12300000000000001,0.39,18904555.0,6.35,119.45,1004384.0,18.822039180233855,183643.0,-18498738.25,0.658188
Sriramamandir,380924.0,377202.0,268315.0,221457.0,219026.0,157261.0,0.99,0.711,0.825,0.9890000000000001,61737.0,0.282,0.151,0.129,0.413,19984442.0,6.85,127.08,1076812.0,18.55889607470942,159467.0,-19603803.88,0.700425
Vikram Nagar,424658.0,418882.0,310390.0,222174.0,219333.0,155736.0,0.986,0.741,0.716,0.987,63566.0,0.29,0.17300000000000001,0.11599999999999999,0.36700000000000005,20266776.0,6.96,130.14,1084667.0,18.684790815983153,202484.0,-19842825.04,0.592132
Tilak Nagar,604719.0,588051.0,478151.0,260539.0,257792.0,155582.0,0.972,0.813,0.545,0.9890000000000001,102162.0,0.396,0.23800000000000002,0.157,0.257,19723080.0,6.57,126.77,1022411.0,19.290754892112858,344180.0,-19118411.14,0.41529000000000005
Vijinapura,578053.0,564024.0,443740.0,241942.0,240421.0,154576.0,0.976,0.787,0.545,0.9940000000000001,85813.0,0.35700000000000004,0.235,0.121,0.267,22118874.0,7.54,143.09,1164993.0,18.986272020518577,336111.0,-21540226.84,0.41692500000000005
Marappana Palya,463258.0,458637.0,298542.0,236648.0,233694.0,153517.0,0.99,0.6509999999999999,0.7929999999999999,0.988,80143.0,0.34299999999999997,0.187,0.154,0.331,20340443.0,6.62,132.5,1015983.0,20.02045605093786,226610.0,-19877744.5,0.6447089999999999
Atturu Layout,420168.0,415142.0,276380.0,218141.0,215776.0,152661.0,0.988,0.6659999999999999,0.789,0.9890000000000001,63082.0,0.292,0.175,0.11699999999999999,0.363,25458549.0,9.4,166.77,1435645.0,17.733178466821535,202027.0,-25039106.970000003,0.650925
Vannarapete,460099.0,452008.0,368756.0,223883.0,221788.0,150984.0,0.982,0.816,0.607,0.991,70774.0,0.319,0.18600000000000003,0.131,0.32799999999999996,18840470.0,6.54,124.78,987518.0,19.078609200034833,236216.0,-18379684.52,0.494098
Gottigere,434553.0,428441.0,294600.0,218037.0,215490.0,149829.0,0.986,0.688,0.74,0.988,65632.0,0.305,0.17800000000000002,0.126,0.345,22986823.0,8.44,153.42,1264420.0,18.17973695449297,216516.0,-22552212.18,0.6082799999999999
Kadugondanahalli,517809.0,509178.0,386523.0,239495.0,237458.0,149657.0,0.983,0.759,0.62,0.991,87779.0,0.37,0.228,0.14,0.289,18724133.0,6.45,125.11,965606.0,19.391069442401974,278314.0,-18205778.27,0.47864
Sagayarapuram,496221.0,485590.0,389951.0,231684.0,230147.0,145980.0,0.9790000000000001,0.8029999999999999,0.594,0.993,84128.0,0.366,0.223,0.141,0.294,17103806.0,5.86,117.17,855173.0,20.00040459649685,264537.0,-16608255.600000001,0.461538
T Dasarahalli,453172.0,446532.0,299194.0,229630.0,226963.0,145173.0,0.985,0.67,0.767,0.988,81750.0,0.36,0.20800000000000002,0.151,0.32,17854907.0,6.5,122.99,943058.0,18.932989275314984,223542.0,-17401655.27,0.607464
Hampi Nagar,368691.0,365426.0,248331.0,206293.0,203614.0,144691.0,0.991,0.68,0.831,0.987,58899.0,0.289,0.158,0.13,0.392,18865431.0,7.05,130.38,1020507.0,18.486331793902444,162398.0,-18496121.58,0.6997019999999999
J P Park,418614.0,412160.0,302988.0,210512.0,208020.0,144297.0,0.985,0.735,0.695,0.988,63696.0,0.306,0.18899999999999997,0.11599999999999999,0.345,19779863.0,7.45,137.08,1074956.0,18.40062570002865,208102.0,-19361618.76,0.563645
Srinagar,360029.0,356592.0,248562.0,199735.0,196905.0,143858.0,0.99,0.6970000000000001,0.804,0.986,53005.0,0.26899999999999996,0.14800000000000002,0.12,0.4,17273416.0,6.44,120.07,925937.0,18.655066165408662,160294.0,-16913001.06,0.6850080000000001
Hosakerehalli,421027.0,416533.0,294127.0,223528.0,220477.0,143782.0,0.9890000000000001,0.706,0.76,0.986,76663.0,0.348,0.198,0.149,0.342,19007543.0,7.28,132.2,1046147.0,18.169093827158132,197499.0,-18586953.4,0.6095200000000001
Kengeri,401214.0,397450.0,241712.0,202290.0,200073.0,143192.0,0.991,0.608,0.8370000000000001,0.9890000000000001,56847.0,0.284,0.16399999999999998,0.11900000000000001,0.35700000000000004,21410139.0,8.33,149.52,1193489.0,17.939117159856522,198924.0,-21008853.84,0.6997320000000001
Naganathapura,654422.0,635032.0,488913.0,240949.0,238955.0,142665.0,0.97,0.77,0.493,0.992,96254.0,0.40299999999999997,0.24100000000000002,0.16,0.218,28173980.0,10.97,197.48,1565619.0,17.99542545153067,413473.0,-27519062.2,0.374187
Bharathi Nagar,609643.0,596299.0,494212.0,259753.0,257891.0,141488.0,0.978,0.8290000000000001,0.526,0.993,116364.0,0.451,0.294,0.155,0.23199999999999998,17927806.0,6.47,126.71,915989.0,19.572075647196638,349890.0,-17318301.48,0.371356
Ullal,358852.0,355451.0,225903.0,194412.0,191584.0,140253.0,0.991,0.636,0.861,0.985,51297.0,0.268,0.154,0.11199999999999999,0.391,21650070.0,8.72,154.36,1223306.0,17.698000336792266,164440.0,-21290601.080000002,0.728406
Gali Anjenaya Temple ward,452853.0,448984.0,267460.0,216181.0,214270.0,137092.0,0.991,0.596,0.8079999999999999,0.991,77157.0,0.36,0.2,0.158,0.303,20603538.0,8.15,150.29,1117816.0,18.431958390289637,236672.0,-20150703.68,0.6464
Jaraganahalli,439611.0,432777.0,330815.0,222696.0,220038.0,136406.0,0.9840000000000001,0.764,0.6729999999999999,0.988,83605.0,0.38,0.23,0.14800000000000002,0.31,16035401.0,6.1,117.56,832249.0,19.26755213884306,216915.0,-15596278.36,0.51821
Vidyapeeta ward,367253.0,362798.0,270660.0,202305.0,200194.0,136175.0,0.988,0.746,0.747,0.99,63989.0,0.32,0.195,0.124,0.371,16535518.0,6.42,121.43,874735.0,18.9034599049998,164948.0,-16168477.25,0.601335
Chickpete,773532.0,754373.0,624976.0,387365.0,384348.0,135836.0,0.975,0.828,0.62,0.992,248455.0,0.6459999999999999,0.441,0.204,0.17600000000000002,23712967.0,9.77,174.57,1326487.0,17.876516694095006,386167.0,-22939358.52,0.34657999999999994
Dr. Raj Kumar Ward,352331.0,349067.0,239386.0,195428.0,193147.0,134856.0,0.991,0.6859999999999999,0.816,0.988,58268.0,0.302,0.163,0.13699999999999998,0.38299999999999995,17346409.0,6.89,128.63,928499.0,18.682205365864693,156903.0,-16994196.28,0.6829919999999999
Doddagollarahatti,347615.0,344240.0,210971.0,182327.0,179910.0,132418.0,0.99,0.613,0.8640000000000001,0.987,47455.0,0.264,0.14300000000000002,0.12,0.381,21095906.0,9.08,159.31,1202444.0,17.54418999970061,165288.0,-20747896.580000002,0.7404480000000001
Marenahalli,315642.0,313391.0,208153.0,180114.0,177713.0,131582.0,0.993,0.664,0.865,0.987,46119.0,0.26,0.135,0.124,0.41700000000000004,16191892.0,6.58,123.06,866448.0,18.68766734991598,135528.0,-15876838.92,0.748225
Kamakya Nagar,392426.0,386562.0,291365.0,195008.0,192830.0,130226.0,0.985,0.754,0.669,0.9890000000000001,62579.0,0.325,0.203,0.12,0.332,16575650.0,6.78,127.28,883277.0,18.766083572876912,197418.0,-16182739.28,0.533193
Mangammanapalya,541990.0,527078.0,418144.0,220406.0,218032.0,126832.0,0.972,0.7929999999999999,0.527,0.9890000000000001,91162.0,0.418,0.256,0.161,0.23399999999999999,19685983.0,8.33,155.21,1056105.0,18.640175929476708,321584.0,-19143604.720000003,0.392088
Agaram,558973.0,542792.0,444127.0,207480.0,205414.0,125395.0,0.971,0.818,0.467,0.99,79990.0,0.389,0.23,0.159,0.22399999999999998,17180032.0,7.1,137.01,890375.0,19.29527670925172,351493.0,-16621395.95,0.35959
Defence Colony,412387.0,404969.0,268634.0,196296.0,194585.0,120683.0,0.982,0.6629999999999999,0.731,0.991,73878.0,0.38,0.204,0.174,0.293,14157317.0,6.13,117.31,740100.0,19.128924469666263,216091.0,-13744935.73,0.5818760000000001
Rajaji Nagar,302432.0,299985.0,197973.0,167858.0,165796.0,119833.0,0.992,0.66,0.848,0.988,45937.0,0.27699999999999997,0.146,0.129,0.396,15276523.0,6.85,127.48,821383.0,18.598538075416705,134574.0,-14973878.84,0.724192
Kadugodi,548035.0,534593.0,417380.0,193909.0,192330.0,118437.0,0.975,0.7809999999999999,0.465,0.992,73867.0,0.384,0.24100000000000002,0.142,0.21600000000000003,21209425.0,9.66,179.08,1143916.0,18.541068574965294,354126.0,-20661662.96,0.352935
Kammagondanahalli,334027.0,328190.0,228634.0,167913.0,166270.0,117620.0,0.983,0.6970000000000001,0.7340000000000001,0.99,48619.0,0.292,0.179,0.11199999999999999,0.35200000000000004,18409604.0,8.79,156.52,1034020.0,17.803914817895205,166114.0,-18075855.400000002,0.6026140000000001
Chowdeswari Ward,384261.0,378081.0,242838.0,180242.0,178038.0,117055.0,0.9840000000000001,0.642,0.742,0.988,60948.0,0.342,0.20800000000000002,0.133,0.305,24003114.0,11.63,205.06,1360934.0,17.6372358982875,204019.0,-23619037.3,0.5876640000000001
Nagarabhavi,293376.0,290789.0,196217.0,164639.0,162383.0,116837.0,0.991,0.675,0.8390000000000001,0.986,45522.0,0.28,0.158,0.122,0.39799999999999996,15961130.0,7.53,136.61,880052.0,18.136576020507878,128737.0,-15667726.570000002,0.706438
Gayithri Nagar,302411.0,299641.0,203737.0,163671.0,161828.0,116019.0,0.991,0.68,0.8029999999999999,0.9890000000000001,45786.0,0.28300000000000003,0.15,0.131,0.384,14010681.0,6.39,120.76,741546.0,18.893879813255012,138740.0,-13708043.440000001,0.6825499999999999
Chanakya,389545.0,386209.0,240782.0,180425.0,177593.0,114642.0,0.991,0.623,0.7490000000000001,0.9840000000000001,62919.0,0.354,0.204,0.149,0.294,16588669.0,7.8,144.7,894053.0,18.55445818089084,209120.0,-16199152.399999999,0.5962040000000001
Veerabhadranagar,337210.0,333895.0,231874.0,176351.0,174400.0,113160.0,0.99,0.6940000000000001,0.7609999999999999,0.9890000000000001,61213.0,0.35100000000000003,0.192,0.158,0.336,12903260.0,6.01,114.03,680387.0,18.9645892705181,160859.0,-12566424.8,0.614888
Yelachenahalli,368891.0,363365.0,273826.0,186290.0,184386.0,109451.0,0.985,0.754,0.68,0.99,74908.0,0.406,0.256,0.149,0.297,13914352.0,6.71,127.13,734299.0,18.949163760266593,182601.0,-13545614.629999999,0.50592
Srinivasa Nagar,271696.0,269279.0,187459.0,149431.0,147492.0,108970.0,0.991,0.696,0.797,0.987,38501.0,0.261,0.14,0.12,0.401,13041926.0,6.4,119.68,697603.0,18.695341046411784,122265.0,-12769833.600000001,0.68542
Bommanahalli,515144.0,496734.0,409033.0,177006.0,175318.0,105035.0,0.9640000000000001,0.823,0.433,0.99,70251.0,0.401,0.25,0.15,0.204,15213507.0,7.65,144.84,803229.0,18.94043541754593,338138.0,-14698125.4,0.32475
Vijayanagara Krishnadevaraya,281219.0,278678.0,175709.0,148669.0,146903.0,103247.0,0.991,0.631,0.846,0.988,43638.0,0.297,0.161,0.135,0.36700000000000005,14022033.0,7.52,135.81,776339.0,18.06173978120383,132550.0,-13740756.07,0.7097939999999999
Deen Dayalu Ward,328950.0,324433.0,231782.0,161174.0,159114.0,102482.0,0.986,0.7140000000000001,0.695,0.987,56604.0,0.35600000000000004,0.21899999999999997,0.135,0.312,13345064.0,6.99,130.22,716724.0,18.61952997248592,167776.0,-13016256.04,0.542795
Banashankari Temple ward,363100.0,358951.0,247594.0,171053.0,169253.0,102193.0,0.9890000000000001,0.69,0.691,0.9890000000000001,67034.0,0.396,0.23199999999999998,0.163,0.281,11271072.0,5.63,110.29,575265.0,19.59283460665954,192047.0,-10907765.97,0.5306879999999999
Shivanagara,237306.0,235399.0,160523.0,136163.0,134661.0,99421.0,0.992,0.682,0.848,0.9890000000000001,35221.0,0.262,0.136,0.124,0.419,12258121.0,6.61,123.3,657147.0,18.653544792869784,101143.0,-12021303.299999999,0.732672
Mahalakshimpuram,239548.0,237377.0,163505.0,137951.0,136482.0,98556.0,0.991,0.6890000000000001,0.8440000000000001,0.9890000000000001,37898.0,0.278,0.154,0.122,0.41100000000000003,12162328.0,6.61,123.41,651265.0,18.674929560163683,101597.0,-11923247.959999999,0.7140240000000001
Bagalakunte,327889.0,323154.0,204907.0,147762.0,146426.0,97287.0,0.986,0.634,0.721,0.991,49112.0,0.335,0.19,0.14400000000000002,0.297,12817219.0,6.99,131.75,679839.0,18.8533152702331,180127.0,-12489673.25,0.58401
Peenya,342042.0,336540.0,224849.0,159619.0,157536.0,94214.0,0.9840000000000001,0.6679999999999999,0.71,0.987,63294.0,0.402,0.237,0.163,0.275,12829806.0,7.43,136.18,700288.0,18.320756602997623,182423.0,-12488020.520000001,0.5417299999999999
Basaveshwara Nagar,209372.0,207901.0,141083.0,124203.0,122674.0,93040.0,0.993,0.679,0.88,0.988,29615.0,0.24100000000000002,0.122,0.11800000000000001,0.444,11628025.0,6.76,124.98,628501.0,18.501203657591635,85169.0,-11418767.200000001,0.77264
Nagavara,375250.0,368648.0,267959.0,157932.0,156829.0,92626.0,0.982,0.727,0.589,0.993,64187.0,0.409,0.261,0.147,0.247,11710603.0,6.49,126.43,601121.0,19.4812741527912,217318.0,-11335455.18,0.43527099999999996
Kamakshipalya,211928.0,210331.0,141020.0,124368.0,122992.0,91513.0,0.992,0.67,0.882,0.9890000000000001,31462.0,0.256,0.134,0.121,0.43200000000000005,12080302.0,7.19,132.01,657579.0,18.370875590613448,87560.0,-11868703.129999999,0.763812
Govindaraja Nagar,202351.0,200899.0,131963.0,117300.0,115678.0,88261.0,0.993,0.657,0.889,0.986,27400.0,0.237,0.12300000000000001,0.113,0.436,11486506.0,7.08,130.14,625259.0,18.370796741830187,85051.0,-11283935.54,0.779653
Maruthi Mandir ward,214457.0,212684.0,140160.0,121293.0,119454.0,88240.0,0.992,0.659,0.865,0.985,31191.0,0.261,0.142,0.11800000000000001,0.41100000000000003,11459517.0,7.03,129.87,620436.0,18.470103282207997,93164.0,-11245271.8,0.74217
Avalahalli,248694.0,246229.0,168942.0,134185.0,132502.0,87935.0,0.99,0.6859999999999999,0.794,0.987,44551.0,0.336,0.196,0.139,0.354,12135892.0,7.52,138.01,661003.0,18.359813798121944,114509.0,-11887215.35,0.638376
Vidyamanyanagar,253129.0,249714.0,150748.0,125413.0,123286.0,86711.0,0.987,0.604,0.8320000000000001,0.983,36551.0,0.29600000000000004,0.163,0.132,0.34299999999999997,14061447.0,9.3,162.16,806365.0,17.438067128409592,127716.0,-13807926.76,0.696384
Hosahalli,207904.0,205553.0,140996.0,115116.0,113469.0,78968.0,0.9890000000000001,0.6859999999999999,0.816,0.986,34482.0,0.304,0.17,0.133,0.38,9999115.0,6.85,126.62,540553.0,18.497936372566613,92788.0,-9791024.16,0.6772799999999999
Shankar Matt,190547.0,189030.0,127812.0,109308.0,107992.0,78342.0,0.992,0.6759999999999999,0.855,0.988,29636.0,0.27399999999999997,0.151,0.122,0.41100000000000003,9737417.0,6.72,124.29,526344.0,18.500100694602768,81239.0,-9546580.18,0.725895
Vijayanagar,212560.0,210379.0,142297.0,113526.0,112144.0,77586.0,0.99,0.6759999999999999,0.7979999999999999,0.988,34542.0,0.308,0.17,0.136,0.365,8670979.0,5.82,111.76,451547.0,19.202827169707692,99034.0,-8458451.360000001,0.6623399999999999
Dodda Bidarakallu,269045.0,263878.0,164912.0,120187.0,118665.0,76180.0,0.981,0.625,0.7290000000000001,0.987,42465.0,0.358,0.19399999999999998,0.162,0.28300000000000003,12173721.0,9.05,159.8,689654.0,17.65192545827328,148858.0,-11904519.0,0.5875740000000002
Prakash Nagar,202571.0,200666.0,136905.0,110946.0,109617.0,75839.0,0.991,0.682,0.81,0.988,33763.0,0.308,0.172,0.135,0.374,9267611.0,6.47,122.2,491005.0,18.874779279233408,91625.0,-9064954.8,0.67068
Nelagadderanahalli,255566.0,249003.0,182788.0,119488.0,117858.0,75020.0,0.9740000000000001,0.7340000000000001,0.654,0.986,42814.0,0.363,0.207,0.155,0.294,10472096.0,7.69,139.59,576810.0,18.15519148419757,136078.0,-10216475.8,0.518622
Venkateshpura,304004.0,297695.0,231085.0,132031.0,131272.0,74462.0,0.9790000000000001,0.7759999999999999,0.5710000000000001,0.9940000000000001,56794.0,0.433,0.287,0.14400000000000002,0.245,8626366.0,5.88,115.85,437744.0,19.706417449468184,171973.0,-8322418.699999999,0.40712300000000007
Chandra Layout,202177.0,200266.0,135959.0,108476.0,107075.0,74307.0,0.991,0.679,0.7979999999999999,0.987,32745.0,0.306,0.175,0.129,0.368,9782509.0,7.16,131.65,531971.0,18.389177229585822,93701.0,-9580339.55,0.6583499999999999
Binnipete,247160.0,243488.0,180103.0,124550.0,123415.0,72639.0,0.985,0.74,0.6920000000000001,0.991,50760.0,0.41100000000000003,0.249,0.161,0.294,9325597.0,6.84,128.38,496984.0,18.76438074465174,122610.0,-9078234.82,0.519692
Agrahara Dasarahalli,158535.0,157470.0,102680.0,89839.0,88899.0,66131.0,0.993,0.652,0.875,0.99,22757.0,0.256,0.13,0.124,0.41700000000000004,8776269.0,7.23,132.71,478351.0,18.34692307531499,68696.0,-8617710.01,0.76125
Shakthi Ganapathi Nagar,158958.0,157744.0,104796.0,91211.0,90004.0,66033.0,0.992,0.664,0.87,0.987,23948.0,0.266,0.14400000000000002,0.12,0.415,8550528.0,7.05,129.49,465724.0,18.35964648590152,67747.0,-8391655.17,0.7447199999999999
Cottonpete,274942.0,269024.0,207167.0,130547.0,129528.0,64207.0,0.978,0.77,0.63,0.992,65303.0,0.504,0.322,0.18100000000000002,0.23399999999999999,8815116.0,7.4,137.29,475222.0,18.549469511091658,144395.0,-8540037.03,0.42713999999999996
Herohalli,170973.0,169427.0,100468.0,89432.0,88244.0,63447.0,0.991,0.593,0.89,0.987,24781.0,0.281,0.146,0.134,0.371,9306130.0,8.28,146.68,525025.0,17.72511785153088,81541.0,-9135432.96,0.76006
Nandini Layout,158857.0,157364.0,104672.0,87473.0,86354.0,61003.0,0.991,0.665,0.836,0.987,25334.0,0.293,0.158,0.134,0.384,7837973.0,6.0,128.49,426789.0,18.364983633598804,71384.0,-7679418.470000001,0.703912
Puneet Rajkumar,155485.0,154045.0,102604.0,85426.0,84507.0,58874.0,0.991,0.6659999999999999,0.833,0.9890000000000001,25619.0,0.303,0.168,0.133,0.379,7128451.0,6.53,121.08,384702.0,18.529799689110014,70059.0,-6972978.92,0.6930559999999999
Ranadheera Kanteerava,173973.0,171669.0,110071.0,87986.0,86936.0,58276.0,0.987,0.6409999999999999,0.799,0.988,28641.0,0.32899999999999996,0.18100000000000002,0.147,0.335,7092096.0,6.57,121.7,382742.0,18.52970408264575,85987.0,-6918216.2,0.654381
Rajagopal Nagar,173122.0,169759.0,117389.0,84966.0,84085.0,56745.0,0.981,0.6920000000000001,0.7240000000000001,0.99,27329.0,0.325,0.184,0.14,0.32799999999999996,7620900.0,7.32,134.3,415480.0,18.342399152787138,88156.0,-7447731.500000001,0.5907840000000001
Hongasandra,233138.0,226423.0,179019.0,90657.0,89865.0,53565.0,0.971,0.7909999999999999,0.506,0.991,36289.0,0.40399999999999997,0.253,0.15,0.23,8183331.0,8.22,152.77,440070.0,18.595521167087053,142481.0,-7949987.050000001,0.377982
Dayananda Nagar,146434.0,144634.0,104886.0,79684.0,78974.0,52959.0,0.988,0.725,0.76,0.991,26003.0,0.32899999999999996,0.19,0.138,0.36200000000000004,6072899.0,6.02,114.67,318554.0,19.063954619938848,66750.0,-5926374.53,0.6156
Azad Nagar,166500.0,163833.0,118920.0,85547.0,84644.0,52538.0,0.9840000000000001,0.726,0.7190000000000001,0.9890000000000001,32083.0,0.379,0.23800000000000002,0.14,0.316,6505822.0,6.68,123.83,350839.0,18.54361117207608,80953.0,-6339280.54,0.5478780000000001
Nayandahalli,168816.0,166926.0,106345.0,80805.0,79942.0,50352.0,0.9890000000000001,0.637,0.76,0.9890000000000001,29575.0,0.37,0.214,0.155,0.298,7172893.0,7.79,142.45,392215.0,18.288165929400968,88011.0,-7003826.399999999,0.59736
Muneshwara Nagar,187150.0,183743.0,136045.0,80190.0,79709.0,44715.0,0.982,0.74,0.589,0.9940000000000001,34978.0,0.439,0.278,0.159,0.239,5449237.0,6.3,121.87,281488.0,19.358683141022,106960.0,-5262267.05,0.42525799999999997
Mudalapalya,121128.0,120142.0,74510.0,63712.0,62955.0,44059.0,0.992,0.62,0.855,0.988,18885.0,0.3,0.162,0.136,0.364,5716931.0,7.08,129.76,312064.0,18.31973889971288,57416.0,-5595967.84,0.71649
Mallasandra,134577.0,132148.0,92009.0,65233.0,64497.0,42979.0,0.982,0.696,0.7090000000000001,0.9890000000000001,21510.0,0.33399999999999996,0.19899999999999998,0.133,0.319,5476509.0,6.86,127.42,294708.0,18.582831141333116,69344.0,-5341807.18,0.5679090000000001
Jai Maruthinagara,120636.0,119509.0,79130.0,64640.0,63798.0,42484.0,0.991,0.662,0.8170000000000001,0.987,21303.0,0.33399999999999996,0.19399999999999998,0.138,0.35200000000000004,5099210.0,6.46,120.03,274658.0,18.565670761456065,55996.0,-4978718.5200000005,0.6585020000000001
Sunkadakatte,120105.0,118514.0,73999.0,61085.0,60408.0,39806.0,0.987,0.624,0.825,0.9890000000000001,20587.0,0.341,0.19,0.149,0.331,5237203.0,7.22,131.57,287579.0,18.21135409748278,59020.0,-5117170.42,0.66825
Veera Sindhura Lakshamana,119477.0,117909.0,74067.0,59299.0,58522.0,38886.0,0.987,0.628,0.8009999999999999,0.987,19627.0,0.335,0.185,0.149,0.325,4919961.0,6.9,126.52,268496.0,18.324150080448124,60178.0,-4800379.72,0.6528149999999999
Kaveripura,109322.0,108065.0,71259.0,58214.0,57687.0,37444.0,0.9890000000000001,0.659,0.8170000000000001,0.991,20239.0,0.35100000000000003,0.20800000000000002,0.141,0.34299999999999997,5277270.0,7.76,140.94,290393.0,18.17285540629423,51108.0,-5168035.36,0.6470640000000001
S K Garden,159227.0,155738.0,121487.0,64047.0,63740.0,34898.0,0.978,0.78,0.527,0.995,28829.0,0.452,0.297,0.154,0.21899999999999997,4319286.0,6.4,123.77,223506.0,19.325145633674264,95180.0,-4160098.46,0.37048100000000006
Hegganahalli,107354.0,105859.0,67691.0,53884.0,53220.0,34636.0,0.986,0.639,0.7959999999999999,0.988,18577.0,0.349,0.2,0.14800000000000002,0.32299999999999995,4741324.0,7.55,136.89,261511.0,18.13049546672989,53470.0,-4633968.039999999,0.6368
Rajeshwari Nagar,104976.0,103287.0,64877.0,50533.0,49723.0,32375.0,0.9840000000000001,0.628,0.779,0.9840000000000001,17338.0,0.349,0.19899999999999998,0.149,0.308,4121536.0,6.92,127.31,224072.0,18.393801992216787,54443.0,-4016685.25,0.6239790000000001
Vrisabhavathi Nagar,97345.0,96341.0,60021.0,49645.0,49119.0,32313.0,0.99,0.623,0.8270000000000001,0.9890000000000001,16798.0,0.342,0.19899999999999998,0.141,0.332,4089694.0,6.88,126.56,222408.0,18.388250422646667,47700.0,-3992188.2800000003,0.6624270000000001
Jagajivanaram Nagar,117395.0,115506.0,83144.0,57590.0,56959.0,31304.0,0.9840000000000001,0.72,0.693,0.9890000000000001,25650.0,0.45,0.275,0.174,0.267,4285576.0,7.46,136.9,233632.0,18.343274893850158,59805.0,-4168122.6000000006,0.5024249999999999
Chalavadipalya,108671.0,106639.0,76669.0,49723.0,49375.0,27663.0,0.981,0.7190000000000001,0.649,0.993,21701.0,0.44,0.272,0.166,0.255,3743861.0,7.26,135.34,200904.0,18.63507446342532,58948.0,-3635239.42,0.472472
Lakshmi Devi Nagar,73565.0,72687.0,45730.0,37165.0,36775.0,24241.0,0.988,0.629,0.813,0.99,12529.0,0.341,0.196,0.14300000000000002,0.33,3030491.0,6.78,125.02,164379.0,18.435998515625474,36400.0,-2957044.82,0.653652
Bapuji Nagar,92474.0,91323.0,61954.0,45629.0,45317.0,23693.0,0.988,0.6779999999999999,0.736,0.993,21618.0,0.47700000000000004,0.319,0.156,0.256,3005466.0,6.76,126.85,160150.0,18.766568841710896,46845.0,-2912983.05,0.501216
Padarayanapura,96108.0,94632.0,66158.0,44051.0,43553.0,22962.0,0.985,0.6990000000000001,0.6659999999999999,0.9890000000000001,20582.0,0.473,0.285,0.185,0.239,3244770.0,7.55,141.31,173361.0,18.71683942755291,52057.0,-3148652.22,0.47619
Kempapura Agrahara,69315.0,68320.0,45380.0,33406.0,33127.0,19391.0,0.986,0.664,0.736,0.992,13732.0,0.415,0.255,0.158,0.28,2306221.0,6.34,118.93,122980.0,18.752813465604163,35909.0,-2236856.6300000004,0.54832
Devaraj Urs Nagar,83371.0,81993.0,56588.0,38448.0,38049.0,18691.0,0.983,0.69,0.679,0.99,19354.0,0.509,0.324,0.183,0.22399999999999998,2497278.0,7.09,133.61,132537.0,18.842119559066525,44923.0,-2413933.5100000002,0.45900399999999997
Devara Jeevanahalli,58368.0,56972.0,43686.0,22707.0,22605.0,9728.0,0.976,0.767,0.52,0.996,12873.0,0.569,0.41600000000000004,0.152,0.16699999999999998,1350728.0,7.39,138.85,71891.0,18.78855489560585,35661.0,-1292364.8,0.30368
